Product Name,Price,Product URL,RAM,Storage Capacity,SIM Card Slot,Model,Screen Size
NEW Samsung Galaxy A04/A05/A14/A15/A24/A25/A34/A54 128GB Dual SIM Android phone,$351.33 ,https://www.ebay.com/itm/195955367315?_skw=phone&hash=item2d9fd99d93:g:nNoAAOSwE3dl8cmt&itmprp=enc%3AAQAJAAAA4HoV3kP08IDx%2BKZ9MfhVJKlBndximZKt9KTCpDteYd9ZIxkj2W4wc8N%2BKAs%2F7kzEpYAWEfcGaKxI5XpFFI%2FxUROK%2BaTAUwexhrBHN7OYRvaF%2FI6ftpkU5CQa4Evy1ZinH8PtgxFkMGDUr9hoIjsgJGYwP%2FCuwPtglnApZBtdghdhCJCv5TR%2FDld%2FL7KGO2mx9h%2B4h%2FxBP7Tha9NtCFNsK5VpwnlyBUD3Br2vGmXT4smBMPewXGBcvBJhJp1yC2U57%2BNyZgigENFmHHnaBgND%2FeFjBSBO0JnPD6u2vc3lN4e1%7Ctkp%3ABFBMmqPm1bxk,3GB/4GB/6GB/8GB,128GB,Dual SIM,Samsung Galaxy A03 core/A03/A04/A04s/A12/A13/A22/A23/A52/M52/A03s,6.7 in
Samsung Galaxy A13 64GB 4G (Unlocked) Dual Sim,$36.44 ,https://www.ebay.com/itm/204983743805?_skw=phone&hash=item2fb9fbb53d:g:0H0AAOSwjLxm3t2b&itmprp=enc%3AAQAJAAAAwHoV3kP08IDx%2BKZ9MfhVJKllw9gajSO3i4GWOhtyH1GUuLYrMSKBV2%2FW2syEjXVobApZnQLKzlKDz3GduiQgf9gdvlB5nZkCBV1UZ2LzW%2FwBUEpl3lwixShlf%2BtPsxubTDt0IYItRonTquij2ikkwDLffrFinUbAY20uprf7iKPfX0gKQnPNqLECKZgUqlB7A3zfW6rkmzG6ScbO3mJXfLOHBlKogjxo9M1IXLENifZ9YWRYw56X0h8m8sG8UujmGw%3D%3D%7Ctkp%3ABk9SR5qj5tW8ZA,4 GB,64 GB,Dual SIM (SIM + SIM),Samsung Galaxy A13,6.6 in
New ListingSamsung Galaxy A14 5G - 64 GB - Black (Unlocked),$49.86 ,https://www.ebay.com/itm/276636955740?_skw=phone&epid=6065013434&hash=item4068d8f45c:g:rToAAOSwSVRm4jk-&itmprp=enc%3AAQAJAAAAwHoV3kP08IDx%2BKZ9MfhVJKnlqeXkXKGtckRQQAKzwMZ6CoevZ7q%2BJS%2Ftpqt%2FolhWMaD77vLK0ZEv7%2F1Ng0LgU0mPXg5lLBY5qS0wnW21L5UJfpuGdEmLO5Rn4r6F3yOQzjpooT%2FW7XCzKmkrbxpiyK%2FqL4Gtna%2FP5On1ROnGGMO4sUbyHYF5yMWoQjob199zEiRQ9YGooAfNlrpXCfFnE9ycyzyt1Q0y87OcY0skvGybvkSokc3FvZ1gvvCkOzt%2FUg%3D%3D%7Ctkp%3ABk9SR5yj5tW8ZA,8 GB,64 GB,Single SIM,"Sm-A146u, Sm-A146uzkaatt",6.7 in
New Samsung Galaxy A15 4G/5G 128GB/256GB D/S Unlocked all Colours with NFC,$221.23 ,https://www.ebay.com/itm/196313123270?_skw=phone&hash=item2db52c89c6:g:jvIAAOSwv1tmoLs2&itmprp=enc%3AAQAJAAAA4HoV3kP08IDx%2BKZ9MfhVJKkpB8cihcixMP9g%2BXD4oJikO0Db0cdRQtEtKUXrvC%2B6WNlQtybtZrXwZ%2Fj7A29FTeaDEZ9u7hNWVHuRnyovUWpGcrVktM13Tg7KBtpOsv3Q0Q2ma9Pj7RIevCOHiIfsN8xwa%2FBavEhZ9lwbnc6mEFyha5b3E4bfJ7wD4X9qP%2BoC%2BnydbLUvHROMpJz5HxkFIWWUQJGQa9qiqkpqZsEA55Zzizlf6bjb1i9YdSy08AOgChet8d3%2BDV%2Fib8y%2FEsSZ%2B3wB3c4XNbpZ6seKMkuZtYTi%7Ctkp%3ABk9SR56j5tW8ZA,4GB/8GB,128GB/256GB,Dual SIM (SIM + SIM),Samsung A15 4G/5G,6.5 in
Samsung Galaxy A15 4G 4GB+128GB BLUE Dual SIM Unlocked Smartphone 6.5‚Äù New,$154.03 ,https://www.ebay.com/itm/204958932395?_skw=phone&epid=22070863459&hash=item2fb8811dab:g:z2UAAOSw8l9mynJs&itmprp=enc%3AAQAJAAAA4HoV3kP08IDx%2BKZ9MfhVJKmAG%2F5NU2ZXt9KiJCuc5nvIPAB%2FLwvGh1dnzp6PLDgWLds7JPjmVudrdvKYwIJyVpxUJ9DggasOHVgDIoHYuLuvwol7fTE7ffmfoRkYQtQ%2FZ2ZMOfYydtdicrJ3jEmlNVXKm%2BM0ckacb32%2B68YmU%2FRO7OEFyf20eM78QGEnfmC3qsWmmn5IZj6CjhpLBTshXMQbiEstXSEZicz4VrDg5CLzxxrBaNYc9Ka1f56vjlI91fcGFycSErYx8g6EHxiXh19UnXfHumeYxIAwThhhE9U7%7Ctkp%3ABk9SR56j5tW8ZA,4 Go,-,-,Samsung Galaxy A15 5G,6.5 in
Brand NEW Samsung Galaxy A04e A05 A05s A15 A25 A55 128GB Dual SIM Android phone,$415.80 ,https://www.ebay.com/itm/387340421943?_skw=phone&hash=item5a2f49cb37:g:CucAAOSwdfZm0Lab&itmprp=enc%3AAQAJAAAAwHoV3kP08IDx%2BKZ9MfhVJKkH1EPE1m9aDBFlBp2fwCiYhoaOTazkjSM71I0BEkQTb%2FPteEjILpHXV%2Fc1KOgsnQYQAjfyQ7c8DQy7NbndUfIiFgiKzkZp8SJajxMuuB1AFtqFgpJEDcz8wRLggfL9PZcaSYquNJxsAzx7syazPGr1JOTruaIOgL2RiGPkNyrIyZdcRAt105JKhC1SZ2Akxd69VLfhNGpuucx7a%2FzvpFVHRe9pBE%2FRkph46x7EirG4kg%3D%3D%7Ctkp%3ABk9SR56j5tW8ZA,3GB/4GB/6GB/8GB,128 GB,Dual SIM (SIM + SIM),Samsung Galaxy A03 core/A03/A04/A04s/A12/A13/A22/A23/A52/M52/A03s,6.7 in
New Samsung Galaxy A14 5G 64GB Black 6.6‚Ä≥ FHD+  Factory Unlocked - Tax Invoice,$152.58 ,https://www.ebay.com/itm/226060117786?_skw=phone&hash=item34a23ba71a:g:eqgAAOSwtQ5l~2MH&itmprp=enc%3AAQAJAAAAwHoV3kP08IDx%2BKZ9MfhVJKkrWoqCJy%2B%2FdlPZ7mdWY4Hf8%2FurUA5glnwC41LAHQ9gqHpUiah44MeTEolDZgRNlVHa7fMLn7d%2BqUn%2FL92a4i6K2rij%2BCRP8asvwIxLw8ilgg%2B6QalmqaeflJy%2BuORYUb3GySWVCQ4zG54rpXHcEaovumwBuTNqn2qAn7Fn62kp3R3XsX%2FKDwoTqhwAnOIZoIvgIUNqN4vxluhDcm%2F6c%2FL%2Fgcx2mYTXAT6tZaDwZKhimA%3D%3D%7Ctkp%3ABk9SR6Cj5tW8ZA,4 GB,64 GB,Single SIM,Samaung Galaxy A14,6.6 in
Brand New Samsung Galaxy A15 128GB Smartphone 4G Dual Sim Unlocked All Colours,$169.18 ,https://www.ebay.com/itm/387319699863?_skw=phone&hash=item5a2e0d9997:g:kc0AAOSwVcZmxypS&itmprp=enc%3AAQAJAAAA4HoV3kP08IDx%2BKZ9MfhVJKmiDN46BcI2JVO%2FW2SzzK4FOgDrfSqu%2FjnS4FM8FoBB9tDGYUi6eNUD%2BqXpz621SYd3XGRwJyQB4RXSb5m4%2FZMmGhFoJzK7RdfN1z4MvHKqPfoQyrtNCo5FVAGnfK3TMtz4oZolY6p%2BFAzslIVn7%2FgbGxfy5U9Rt0k7ALlnn%2BjyP7q69pPx39g954mzM8JrrSd7IWztuL%2FQbBLJ6ZgQzZysRclDdkGuQfMcHbuAKJ7lROQSS7jGV%2Bq%2BRngmVsnDf%2BODBtSBLsaog%2Ba5TkF%2FQtT4%7Ctkp%3ABk9SR6Cj5tW8ZA,4 GB,128 GB,Dual SIM (SIM + SIM),Samsung Galaxy A15,6.5 in
Samsung Galaxy A15 5G 256GB 8GB Smart Phone  Unlocked Dual Sim 2024 New,$234.25 ,https://www.ebay.com/itm/196598638346?_skw=phone&hash=item2dc631270a:g:6KYAAOSw5Yhm1G0J&itmprp=enc%3AAQAJAAAAwHoV3kP08IDx%2BKZ9MfhVJKlT7DKUgmYvhcmK%2F8q3EIf9uu5Z4BfBt0zLATYx4Y9eZPLe4GandxkjjvywLhEFM9VW9nm2F1GYFst7uCer6maNnAr3EpgTFEqYF7lN0idvcUWNNOlNBKMnVFqRzhpBzG3gB%2FBjXQDpYeYvXcHDT3eanLgo4JXhMIhPJKtxb653mttIY22uxxYrC%2FEcCxeOX4ma%2BXOORD7GTRActGEapKvrmljDxTtoFDzWrdr3E9wP9w%3D%3D%7Ctkp%3ABk9SR6Cj5tW8ZA,8 GB,256 GB,Dual SIM (SIM + SIM),Samsung Galaxy A15,6.5 in
New Listing1TB Samsung Galaxy S24 Ultra 5G SM-S928U1 (Unlocked) Gray - EXCELLENT COND!,$665.00 ,https://www.ebay.com/itm/405224574979?_skw=phone&epid=9064915439&hash=item5e59445003:g:UJwAAOSwggBm4lVL&itmprp=enc%3AAQAJAAAAwHoV3kP08IDx%2BKZ9MfhVJKnzuE%2F781%2BIUB5oo9Zhrifocg0bYOPifhFJlBc7kOgY5FnKftH0vnwdTA1Rt2hEqkIBvMWk%2BciYZkOdwIZO%2FJWcQvWqIf2uesTy8YwZeyGOMycd%2BxZxGaOqpRfe1Q1DiDVfDUum1h9qpDbgZLPKl6moSQOReEdctpDZTFPyLUOmbZE19ISxoT%2FxtP1nSBeKx9%2BiqnREYNgrAFB6aDm2%2BjQvB3K5EfO0JJ05yEjdmNUoKg%3D%3D%7Ctkp%3ABk9SR6Cj5tW8ZA,12 GB,1 TB,Single SIM,Samsung Galaxy S24 Ultra,6.8 in
"Open Box Samsung Galaxy A15 5G A156M 128GB 6GB  6.5"" Unlocked",$125.00 ,https://www.ebay.com/itm/305481305083?_skw=phone&hash=item47201acbfb:g:B8oAAOSwDAllwzFk&itmprp=enc%3AAQAJAAAAwHoV3kP08IDx%2BKZ9MfhVJKnd%2B6UzQu2vwgUVIkJfUFK%2FspZbCew0123Xet9IZ3tcj0v4dYYF94DeEVYenRY%2B5cDpP%2FxEikfW1VA8ewo4AOtbXkl7tOC1IyFCESpJlmp6Gu3qJ17lEXsAEEw9a6TgXpr8umf8aKfyU10fIBF7ngR6iu23a5rHWb9WxONDs27tWYmq0O3%2Bs9Twmka%2BzyGO2rlD6UhjGs0zS0KpWeONB5oVdakQaDryRFrQlDkVfjnoRg%3D%3D%7Ctkp%3ABk9SR-q8i9a8ZA,6 GB,128 GB,Dual SIM (SIM + SIM),Galaxy A15 5G,6.5 in.
üî• Samsung Galaxy S24 5G üî• 128GB Unlocked / T-mobile Flawless Open Box,$455.00 ,https://www.ebay.com/itm/226186983698?_skw=phone&epid=17064923351&hash=item34a9cb7912:g:7XMAAOSwORFmj17S&itmprp=enc%3AAQAJAAAAwHoV3kP08IDx%2BKZ9MfhVJKlTCTg7c1t4KhSN7H0%2B2S58kuCRUEyVawHqTBgDEA098hFVYdoKn4%2FdnHZb2JvRddJrhq08MsAUvqFlzTkHiRB0Auw3T4i4oCs3zJDXkWqu2F5x%2FsC5xMsdgQGGlm0jpp%2BQFH6tSCBxNfPFn60Ohe1hLEg3t1P9LZvk8qNzR6KF0IwLvSztY3kqBxrCxbiHJCrzJ3%2FQF8YRPe%2BOjzX2HadGEHbF9IPiG4%2Fxz4sU93SqsA%3D%3D%7Ctkp%3ABk9SR-q8i9a8ZA,8 GB,128 GB,Dual SIM (SIM + eSIM),Samsung Galaxy S24,6.2 in
Samsung Galaxy S23 FE 5G SM-S711U 128GB 8GB RAM (UNLOCKED) All Colors - PRISTINE,$329.00 ,https://www.ebay.com/itm/276529013740?_skw=phone&epid=17063459537&hash=item406269e3ec:g:V48AAOSwcktmfw~1&itmprp=enc%3AAQAJAAAAwHoV3kP08IDx%2BKZ9MfhVJKkanXlegaPtAqLGAdQYrBW1B%2BNxI4hwILATdSEJtjbmWx%2F%2BHC1cAuW%2BJlZYVwrHWYpHsD326JWryUnzhAjy8nRRBmCyDg2tunn%2FY0kWstKaG6B1nwvLKfZ0l207GvsJvSnrOBmtrOtz2tMknNQt2qbV%2BEnF9p230IVFMIey3v9nvP6lNV33EOJijTMl%2FLk2qzKuLPq1oALPGygqFVWR6cqESZf9ktO7Q0HfcP7dlBzomA%3D%3D%7Ctkp%3ABk9SR-y8i9a8ZA,8 GB,128 GB,Single SIM,Samsung Galaxy S23 FE,6.4 in
"Open Box Samsung Galaxy A15 A155F 128GB 4GB 6.5"" Unlocked",$115.00 ,https://www.ebay.com/itm/305605162384?_skw=phone&hash=item47277cb590:g:x4QAAOSwZiNl8CRr&itmprp=enc%3AAQAJAAAA4HoV3kP08IDx%2BKZ9MfhVJKmo1q84CYsvJmbwU8NLjn%2B4NaRt7a%2FqTdR2geJbXEVwX18OyeR3IjJtrCaE4GUtQev0jaACxyjb1wmst7C6pd0Qb7mab7ncq21WBlqvXULePaKhA42AJv01MBQCe09fZlHSnOKAQ8s2CvOFiBAxatMj9EcPOpX1GjZfhKuZQHphLHi1g5d1bQl6USeA0gKcqhixu5fFp%2BzA0CyBF4i%2BhXNE9Z%2BPOSiLPt%2FJMjIaEyA0BLKaPdKg5IC1qDraM6xs7s20pdM%2BTnGto45SWBwwxQM8%7Ctkp%3ABk9SR-y8i9a8ZA,4 GB,128 GB,Dual SIM (SIM + SIM),Galaxy A15,6.5 in
New ListingSamsung Galaxy A15 5G 128GB   Works Great Clean Esn Cracked - Unlocked,$59.99 ,https://www.ebay.com/itm/146020046793?_skw=phone&hash=item21ff7917c9:g:BQ4AAOSwa~9m4grO&itmprp=enc%3AAQAJAAAA4HoV3kP08IDx%2BKZ9MfhVJKknQXL5EHF1xZxJiFXAXq%2BbTDdgvuheLpKeKFBDs9GL77dULTxF0SgzVj48C%2FdvmC8cMgMY7JnEGX%2BbrGzkXpYAzwDcxh6H4NycBHK8SfOmMlTfi53qCvWSVhAMirpo1E29ldp03c%2BUR1WVZduUvosTzgdPJIVQmF2EBaONhbuO0%2B%2B2n4WtV9kqosohYqBR4e%2FioauHXe5UEg72aPWzlkEb4%2FhrKs5KrSMZjImIB1mO6O%2FLVPUxBwp1w4yCgaViPwqVL7wyGqqjujl2n4kLJWbB%7Ctkp%3ABk9SR-y8i9a8ZA,4 GB,128 GB,Single SIM,Samsung Galaxy A15 5G,6.5 in
New Samsung Galaxy A14 4G 128GB  Dual SIM Android (Unlocked) Smartphone Grade A+,$159.99 ,https://www.ebay.com/itm/235728612140?_skw=phone&hash=item36e2852b2c:g:uR4AAOSwQXJm2D4h&itmprp=enc%3AAQAJAAAA4HoV3kP08IDx%2BKZ9MfhVJKkyp9HZg7fcvymEy%2BOKqDaR7ESKh9bqrfn2R7Zmt3whz9QFR%2F5G5NMID%2FlfKonRXXvKZOsqrx1WdKGfQxDJ%2BZ3ObcsAttSfjJPg1nwF1gwIgDoQy55tO6xAImJlF9pWV0EdcEblcpO78KZszMgFut0SPo9%2F%2BcaD3%2BxM2daXGVbXvELBek03xfUj5j74TQQ1z4SJ0KJ84440hoZTL55OaaOlRUvBkaZKiJu0BXr%2BVHnR8ymxQknp4zZYHMHlN8TWzxAk6IywofVnX0xXPjd6jCvG%7Ctkp%3ABFBM7LyL1rxk,4 GB,128 GB,-,Samsung Galaxy A14,6.6 in
"Open Box Samsung Galaxy A15 A155M 128GB 6GB 6.5"" Unlocked",$115.00 ,https://www.ebay.com/itm/305481298857?_skw=phone&hash=item47201ab3a9:g:d6AAAOSwz-hlwzen&itmprp=enc%3AAQAJAAAAwHoV3kP08IDx%2BKZ9MfhVJKny75G8NxQNju%2B55U%2BSdM1KpDb2izX6McW%2F76LAAnr1%2FVOiWPtq%2F9QSYXpw%2Bs2sQBkGS7yroJN6G6EqNuOww1T%2BwvRGn2rHBk5qhobbKKeBXSlVpU9ZA%2B93um6t0grChElRBtJnia%2ByTW7cer4XI1J0h2aUckRo6iWhM0yWU7MwmRzcTa4aPkTASgwxypBGWoA6bShf2NpZcLKv68EV4yO%2FMsOoKKHC2nInW%2BVCwrKEAg%3D%3D%7Ctkp%3ABk9SR-y8i9a8ZA,6 GB,128 GB,Dual SIM (SIM + SIM),Galaxy A15,6.5 in
Samsung Galaxy A15 5G A156M 128GB 6GB RAM GSM Unlocked International version NEW,$154.99 ,https://www.ebay.com/itm/325943882639?_skw=phone&hash=item4be3c4f38f:g:wY8AAOSwqg9lizHL&itmprp=enc%3AAQAJAAAA4HoV3kP08IDx%2BKZ9MfhVJKk5ptXsFgqHm0vtDfJPxu4T53ZMaTjSJUpFazWQKPceetB%2BA9V3c%2B%2FAUMJAOlm01oJ9xA6VG0EDaU4yQ0FTJhLEe10bfO%2BJt5XsBcXwlYmtbwRWqLWXnIRmmoQ18VEhkgvCVbe%2FQ%2FcosiAiBbO9ImGFuWgFm%2FkYiHYmzPO0nMCQqIY%2Fb6FrW3xjSEZR5xM%2BoNxNJpYLHMy1CndAdsjEuuY7YC2Qr0uzCht1a%2BKJbNP9NGC9QdjBiuKd7EY42JD3ln3vj9C29VvgXdTtDfO8jRNf%7Ctkp%3ABk9SR-y8i9a8ZA,6GB,128 GB,Dual SIM (SIM + SIM),Galaxy A15 5G,6.5 in
"Samsung Galaxy A15 SM-A156U 5G 128GB - Unlocked - 50MP 6.5"" - OPEN BOX, PRISTINE",$139.95 ,https://www.ebay.com/itm/226273992693?_skw=phone&hash=item34aefb1ff5:g:QzoAAOSwWEZmrQff&itmprp=enc%3AAQAJAAAA4HoV3kP08IDx%2BKZ9MfhVJKl0ky%2FyNGhsPrr3kyAp6QO%2BrhB5AC06ZeLAYdrTCGLQ%2ByuN7wPaT%2BC01D%2BufHMTMlrEGXqRDnIwXxg7YZv7ir7T7wSeL2jx7MUp%2Fi0Z1eevmn92VmGV3PZvkJvkL2a66qSVEtMUUBuA0kfzbKUCe2IOxPTSQXzoaivPtjt28uBEXZ1kK4eGDYFn7UsKL0GyNpqTy57l0Nory71v7D4VQkRapOtAByZB3ZFdfbFXEDP%2F3xOf5sVAzzjjOBYiIXua9PZxNdXuOcCtwCgU%2Byr7B9B1%7Ctkp%3ABk9SR-y8i9a8ZA,4 GB,128 GB,Single SIM,Samsung Galaxy A15 5G,6.5 in
"üî•Samsung Galaxy A15 5G 128GB 4GB 6.5""  SM-A156U Blue Grade B(Locked Metro-PCS)",$80.99 ,https://www.ebay.com/itm/235735610035?_skw=phone&hash=item36e2eff2b3:g:9U0AAOSwIBdm3hvB&itmprp=enc%3AAQAJAAAA4HoV3kP08IDx%2BKZ9MfhVJKli4AsfUDK9NIIES0DRNe7tW2bjw4CqXtu9Evba8XPDI8a3m%2F2V3LACV7MPBtXip%2BGjOqhWY1mEjVJzUzpSbLao9pn2gBQU%2FbDMdWiI5N51RU%2FI3ZSPeoHib4SuhpPv7F4jlONZibBjFEZdvTNDo4NzhKd%2BFdXayFY99QPoU6zhTwAQMMHWEkTy4Pv0rQhkuIc3cIW%2FAaP2M4icE9j3jiUqBXSZnowp5dujUnJ9kZWuAEBxKScsvT6jfJlRVKhrOsLedqtXL2U%2BvSykV5StJiWw%7Ctkp%3ABFBM7ryL1rxk,4 GB,128 GB,Single SIM,Samsung Galaxy A15 5G,6.5 in
New ListingSamsung Galaxy S23 Ultra - 256 GB - Black (AT&T),$119.50 ,https://www.ebay.com/itm/296686419867?_skw=phone&epid=27059042706&hash=item4513e37f9b:g:QcYAAOSwhPRmzJZP&itmprp=enc%3AAQAJAAAA4HoV3kP08IDx%2BKZ9MfhVJKm511IYfoDdZ%2FkfJd7bs%2B4O48NQgu9WkT5X5NIl5vmKeYDFKpadrLyNb8EpTySWxqyFauL7vWMAOfyhtdndVA%2BAZG74ApSehrrOPORAaVU%2BUyj%2BaRo59TpIqAANSwbJfmgAIeh6KqEX1LKYqqyh4JinY6R565Zn1tfDNOCAaGVeOtvFf4MB2YGziPfS1BkE%2BA5Au%2BIhfAcafystOvEhuDwDEBi6FVoMZIXAusajKMr97mXQAs9yWqQzqzBHNTzSUBngsL2F90PI84RLBJc%2BxLVl%7Ctkp%3ABFBM7ryL1rxk,"12 GB, 8 GB",256 GB,Dual SIM (SIM + eSIM),Samsung Galaxy S23 Ultra,6.8 in
Samsung Galaxy A15 128GB 4GB Blue Black - SM-A155F/DSN - Pristine - Warranty,$143.16 ,https://www.ebay.com/itm/266974102859?_skw=phone&hash=item3e28e5854b:g:QV0AAOSw94Nm1FEs&itmprp=enc%3AAQAJAAAA4HoV3kP08IDx%2BKZ9MfhVJKlPSrscvXUFW5BbmHFiI2wWR5g9QXchvKEjt8vEOC9RR%2B8O6sTmJ3NGo8aoehScGj6yKUXf%2BdkcfhHyc2jqfMGcGIfqmx1a6meOOnXK7ODs%2FE67lRUmUUIFWY9k6hYjxFexDOmGa3BIaSv2%2BtA%2BJ5B3ZlncK5x7QPs1uA3%2FEI9n2UstlNDzL2drikPec4iBEQtH5%2Fullj4ArPVVf0gX0%2F%2Baw2advGG%2FsWKfeZcl0Lagmr5pDLeL73re%2BOD1Oq%2Ba6MzRN2Gmu1K9bZE%2BnwC98Zhx%7Ctkp%3ABk9SR_S8i9a8ZA,4 GB,128 GB,Dual SIM (SIM + SIM),Samsung Galaxy A15,6.5 in
Samsung Galaxy S24+ Plus - 256GB - (Unlocked) (US Model),$749.99 ,https://www.ebay.com/itm/285701209793?_skw=phone&hash=item42851e7ec1:g:G2UAAOSwQVFly8pG&itmprp=enc%3AAQAJAAAAwHoV3kP08IDx%2BKZ9MfhVJKlnyAyFJkItDelEvEMbiJiPnNG9xUDJAlM6J6QxHKvJ%2B34gtzsibUhwSMCOT9%2Bz6LqbbugWySi5nxb2QIyl5jc0kSR9kDVGhPcTgAl4EqO7iShGkuq9aHBxdvK4y67sRYLxGI0L%2BbwNZyKCpd8NnRhG9Xkh6gC1109Xj8bKowWvFGS%2FnwNQZl4Ozsfz5NHR6DR2bAOvT3k2oOOD7iTyQWqZec%2BxrAn5ByKVf5TmvRFtGg%3D%3D%7Ctkp%3ABk9SR_S8i9a8ZA,12 GB,256 GB,-,Samsung Galaxy S24+,6.7 in
"Samsung Galaxy A14 64GB (Metro pcs) 6.6"" Display 4GB RAM Black Smartphone - Good",$75.00 ,https://www.ebay.com/itm/276210926336?_skw=phone&hash=item404f744300:g:IgIAAOSwP1Bk~uTu&itmprp=enc%3AAQAJAAAAwHoV3kP08IDx%2BKZ9MfhVJKl8X7kehl0V5pxe9t3ojG2lSUutqAJXOuIGsV%2FUru8s1kTwMKAzxsf7hCdu4S9f3gwogBI%2FH3HVHIpXI157U2Aj6ssbE6vI4ozU6LWt%2FzxsBnNNwJ%2Bq2CIchx0EqEP%2FSoqnwlIr6KaBWr1uvdtPkJCspvx16%2BnFou0WGeUskujQYvXiJqJKndwPSqcKYEu%2FNjImqiDSV00eKQWttRRfeU2eS6bsdYZGie2XLTjjq%2FV%2FrQ%3D%3D%7Ctkp%3ABk9SR_a8i9a8ZA,4 GB,64 GB,Single SIM,Samsung Galaxy A14,6.6 in
New ListingSamsung Galaxy S24 Ultra - 256 GB - Titanium Black (Unlocked),$650.00 ,https://www.ebay.com/itm/186681490032?_skw=phone&epid=23064930687&hash=item2b77157a70:g:g-oAAOSwJNNmzotn&itmprp=enc%3AAQAJAAAA4HoV3kP08IDx%2BKZ9MfhVJKkW9EgCO7Kgy4PMhXHt2gaMPVPxmqtrZLAyFh2YqK1pxWeSkaYPQXj%2Bkmn3zFVZZSisgAYdd6SaVdfdHDAgT25hvPKFUGrhirh5wCSXL933NwZN01yL50ddERvDO62WNHwCLGulBOcnqesrKjpT%2FMpMFOzVEo%2BnzZfOMDecu3yi34FafvIfTtEUM1qGWkk2SX0YvPiaFrEYkj2azK0XKD5Frf7vuSQ8D421OSRydT%2BNJmjRUQiotW5%2FcFJ26iDKG53bLSHC53%2Fbw77FhoS%2BrExV%7Ctkp%3ABk9SR6yfsNa8ZA,12 GB,256 GB,Dual SIM (SIM + eSIM),Samsung Galaxy S24 Ultra,6.8 in
Samsung Galaxy A14 5G SM A146U 64GB Black - Verizon Only,$72.99 ,https://www.ebay.com/itm/395504810004?_skw=phone&epid=25058544826&hash=item5c15ec7814:g:2wIAAOSwxGxmgem3&itmprp=enc%3AAQAJAAAAwHoV3kP08IDx%2BKZ9MfhVJKlolJbfQPct7K9mdDO8aFJKOfoaRK%2F9IgoDdyr%2BkEy6GtoAyGeFirmbrNJYg8p2TbS5%2BEXmat4MDha1DkKZ5SgSzp%2FDZmrPn2%2F0siZwvogrgzGXDnCyMtWKFdGJ1MLW%2F2q7dSPRrQYpuy5MwDFfkk0LiPI1jWtVYXurmZv%2BFiKPE58ktFvAcO4JxwZ80pCaLZYlf4Iw4QrXtb6G8gYLR0%2FjrrZrtZEXFO3iSU5JaAX2%2Bg%3D%3D%7Ctkp%3ABk9SR66fsNa8ZA,4 GB,64 GB,Single SIM,Samsung Galaxy A14 5G,6.4 in
New ListingSamsung Galaxy S24 - 256GB - Marble Grey (Unlocked) (Dual SIM) new,$437.84 ,https://www.ebay.com/itm/356035201217?_skw=phone&epid=21064926484&hash=item52e55a08c1:g:qFcAAOSwpbtm4ZQO&itmprp=enc%3AAQAJAAAAwHoV3kP08IDx%2BKZ9MfhVJKmKdOyX%2BOnhjvff%2F1Ro468eoYQivr4idJjdHOGQ%2F9P6Eaju6Vpsqdn%2BdCFVAI8MA1ZaxJIHm1zGXcK0BH%2BEDQ%2FCHqCyI7NF2rM78evmZJQvtKvWTuEt3NNkuT--nsR2hz977HgiM6w%2BEFQxYhkvURvSzZPwWUDP6kbMyv%2FsIhYcwoOWQsGsrcS9nx8TSA3nCQSnDDVeiPylg8SI6RVPQy7Z1%2FcT6WjTkHLF7uUOqzCjIQ%3D%3D%7Ctkp%3ABk9SR7CfsNa8ZA,8 GB,256 GB,Dual SIM (SIM + eSIM),Samsung Galaxy S24,6.2 in
Samsung Galaxy A14 5G (Latest) SM-A146U AT&T 64GB Smartphone - Black,$89.99 ,https://www.ebay.com/itm/142832273210?_skw=phone&epid=15058557923&hash=item214177873a:g:DtYAAOSwHWBlZP3D&itmprp=enc%3AAQAJAAAAwHoV3kP08IDx%2BKZ9MfhVJKlOGPGRMz9OcaQjdCK68oxIZjdn41yDkyHIG7CEusnAyAd%2FZvCimF5LaqyVZoDVdSNotUCcHllrCPaNEllpUL0Ey3GsUi0pp1J2dboGYrGdzHR7ZoHUYWwIkc5jagpqUQLgH5PanGEAHrdcgAn%2FyECGorFm%2F4sMKujSlCB5wro3IIU3vIkW9H2YesWkQNLtoBJQo22F%2B%2FATz%2Byoy1wGypAp5nlo7ww5FX0yBP9x4Vc6Hw%3D%3D%7Ctkp%3ABk9SR7CfsNa8ZA,8 GB,64 GB,Single SIM,Samsung Galaxy A14 5G,6.7 in
OPEN BOX Samsung Galaxy S24+ PLUS 5G SM-926U1 256GB 512GB FACTORY UNLOCKED,$769.00 ,https://www.ebay.com/itm/126533981130?_skw=phone&hash=item1d760353ca:g:urcAAOSwzZ9mcGdQ&itmprp=enc%3AAQAJAAAA4HoV3kP08IDx%2BKZ9MfhVJKknFhvF3%2Bq1ISCo4h%2FCpWKMc7WWivO9P9J8zUqX08He4lk8%2FmeuGDpwl0aCuq8bQ6wQLwRcW%2Fo8mmlIkjueFUpNqnR99OXpmd5LfgS2CXrqigNeHGE5ZB72yveIQc3rIBndlA3zoPfeCh6oQYfJK%2FypHbJunWOZa7QdgLKJa3pIGjc9nJGqSek0ZMn8AbT2Qoi%2BqQ%2FOjIFe8C28aQ2bituodI12y7Up2HEPULL%2BsFdtnCzXGexZ8os--50b7VBZyxgi1z1KbL3o1YPA1nhw0JxM%7Ctkp%3ABk9SR7KfsNa8ZA,12 GB,-,Dual SIM (SIM + eSIM),Samsung Galaxy S24+,6.7 in
Brand New Samsung Galaxy A15 128GB Smartphone 4G Dual Sim Unlocked Blue Black,$149.65 ,https://www.ebay.com/itm/335500797682?_skw=phone&hash=item4e1d67e6f2:g:ThEAAOSwQ4pmoVjH&itmprp=enc%3AAQAJAAAA4HoV3kP08IDx%2BKZ9MfhVJKmMrHZjZwMc4A9GmOUn6SaBOI5pREXG1UxE%2BXd%2BvL6HUzu1VRY4hL9K7f1gdcPF4PT5rTJE0PXgg6CBFzsPpyYwY3XK9HlfucokOyGs5sF%2FR9pGqLcxC62QGFf7bVium8cYIHJxEJkkjio7K3nfHQ6Cf8evkO0UKvyLnVeYFvBIReOVH9bVlvMYWSn0r0mkJldd%2BhxI8l6J%2B0gHAOcE3lVY1RkcXwz6LsLYme9zgE3VTWjykwW%2BslsjnfUuURpmHmRcGdo2wqy3wyrc9vZrn%2FDg%7Ctkp%3ABk9SR7KfsNa8ZA,4 GB,128 GB,Dual SIM (SIM + SIM),Samsung Galaxy A15,6.5 in
Latest Samsung Galaxy A15 5G 128GB SM-A156U Blue Black (Verizon),$114.98 ,https://www.ebay.com/itm/156271277431?_skw=phone&hash=item24627e7577:g:sIgAAOSwmFRmY4Zs&itmprp=enc%3AAQAJAAAAwHoV3kP08IDx%2BKZ9MfhVJKnh4ntGOb6bE%2FUPMQrZCPbLqRzd%2BgGfyng2r%2F3gCrCg0yUThsMa0mexepnSz07keGb88nPsxgLd7rt%2F5xzbdLdHFbcjQM1CcU93KBAMw9kpx9iovr9qwmrZlnWDsQr5%2BYJb170wMmOrsD5CVwgXgPhLEAAo3s4NNCZOM7NbLFUJA0YBeZLzgMEAN5zSLl9gKlnxFk72XFu0qBDXAKgjGqWn7pHznbqY9E07lrDYqQMfTg%3D%3D%7Ctkp%3ABk9SR7ifsNa8ZA,4 GB,128 GB,Single SIM,Samsung Galaxy A15 5G,6.5 in
Samsung Galaxy S24 Ultra 5G S928U1 512GB (Factory Unlocked) - Excellent,$959.99 ,https://www.ebay.com/itm/326111567974?_skw=phone&epid=24064913703&hash=item4bedc3a066:g:9JgAAOSwOJtmLm0J&itmprp=enc%3AAQAJAAAAwHoV3kP08IDx%2BKZ9MfhVJKlEVkxFJ1zEB0UKPl4QeQXGsdWONgNWbd4r4%2Fg3n0FxEHc14wmcC5N4W4Bqq3xrYgU845D92%2BP3CDxdTFODm%2FzwEjtV1Y33vbTlN2L4yKZvqyR20wVMCucce3E%2Fygi526tRBW%2FAWukrY1eCxc20fjVmXLdfasPJ%2BEnKWZprr62cuRBTcSh6Ebks86O7ZQ1XAr%2BojUBd7RxexN0cQ--Qy8ygHJHx9UjV3YQrUPegSyRJjQ%3D%3D%7Ctkp%3ABk9SR7ifsNa8ZA,12 GB,512 GB,Dual SIM (SIM + eSIM),Samsung Galaxy S24 Ultra,6.8 in
Samsung Galaxy S23 FE 5G SM-S711U - 128 - Unlocked/T-Mobile/Xfinity - Excellent,$319.99 ,https://www.ebay.com/itm/176418635874?_skw=phone&hash=item29135ec062:g:n54AAOSwOMZmZ4um&itmprp=enc%3AAQAJAAAA4HoV3kP08IDx%2BKZ9MfhVJKn1VYajR9h7cb7T57sOb7g0yvw5Lnd7%2F0NlTJtEF89M2f5wbVNdj5oJ3IE2N9hzaVPkFb%2FaAcqHvOlJUcyOPdIhZIaBrSKK2td6DcyQUMk%2Bk9LBAo4GmE530upXP3dWuyL8XyTbQ9nZK%2FRvU9o1wVkmYDdzHkxr3cAULm8BC4dorOB3F8CWHag576gWuFH4KevGsIBKY%2FLg2PZypk5rHxJKyafgcyJUmyPvydobyFHk01l1gcDJUkYRiTL60rzox6IsLLjS6bJlk%2FZA0SsshiuT%7Ctkp%3ABk9SR7qfsNa8ZA,8 GB,128 GB,Single SIM,Samsung Galaxy S23 FE,6.4 in
New ListingSamsung Galaxy S23 - 128 GB - Black (Unlocked),$499.00 ,https://www.ebay.com/itm/395674588056?_skw=phone&epid=14064994674&hash=item5c200b1398:g:ElYAAOSwXU9m4iJn&itmprp=enc%3AAQAJAAAA4HoV3kP08IDx%2BKZ9MfhVJKmDMzE1AuyN4685usxZ3iq%2BbnMYpLjsO13gjDQbBXyclX1%2B8zr%2FUN9dDzgAw%2F%2BKyFVaKwgmyYEv2%2FXtGjVf0J2p8rVIbyqoxk7CXHOWklFEjuV2TkHWDD2aG13fE0MT6EYikYzK0M2DJaTeI7seAX05nV4HHrwttpeA0poE1Mhvd0jAmzZoZdhV8E7xONpulh33aD6Xy3839c0CLOtWLmMmNsljNoaajyp9xryVImVGGBrWL12H18zkpwLp2nMxBtLeG1T1QwvzXtnbUumh20kJ%7Ctkp%3ABk9SR7qfsNa8ZA,8 GB,256 GB,Dual SIM (SIM + eSIM),Samsung Galaxy S23,6.1 in
Straight Talk Samsung Galaxy A13 5G 64GB Black Prepaid Smartphone Brand New,$69.99 ,https://www.ebay.com/itm/145901186505?_skw=phone&hash=item21f8636dc9:g:n00AAOSwMRhmm32Z&itmprp=enc%3AAQAJAAAAwHoV3kP08IDx%2BKZ9MfhVJKlJkYNV%2FQv9YpNtF1FTZEZ2mP%2BFSjstlP%2FcHlMjl5zTYTjf0VtnPm1sC9WmTDEpf2RosYVyuDLeTjthw0EJ9qgtlJ0xJI1Ys5YkS6lh8%2BvwRPvXqjNIs1YL0GO0K6YSOah8QyMGdmXx%2Bh5IxryRA%2Fs0fm0isKDYhCozOJBC6yIqXiGd9C9dSFwQc3FGJJ5giGXgfvnEzdVKdHfdJdGnHSq7huSjCsAKwoGGtxtf7%2BT9Yw%3D%3D%7Ctkp%3ABk9SR7yfsNa8ZA,4 GB,64 GB,Single SIM,Samsung Galaxy A13 5G,6.5 in
Brand New Samsung Galaxy A15 4G SIM Free 128GB Android Mobile Phone Blue Black,$156.17 ,https://www.ebay.com/itm/116144257110?_skw=phone&hash=item1b0abcb856:g:1D4AAOSwcxNmGmfy&itmprp=enc%3AAQAJAAAAwHoV3kP08IDx%2BKZ9MfhVJKmQZYUuKJsTN81B%2BYDLMZpJ5ciPwfhUAVz8ROILHkkB89Hwns8yX%2BMuzD1yc0LXh6u9Xq03QCHmo5aG%2FRGoqbzN4M4bF3S8xwFkcbh53Baj3oijlcvY06rE8m8P5ZzGcbQUHZzYzvhjSwtBkmf4Nl1bcVNj1lbax%2B0XVX2J%2Bls1%2BeASto9IPfZRx9QNhAO45dliPIAqhHolCKByAFHUrLSAAohCMEDRpm%2BP3BAhUUnrhA%3D%3D%7Ctkp%3ABk9SR7yfsNa8ZA,4 GB,128 GB,Dual SIM (SIM + SIM),Samsung Galaxy A15,6.5 in
"Samsung Galaxy A15,A14,A05,A04E,A05S,A03 CORE 4G 5G 128/64/32GB BRAND NEW SEALED",$219.88 ,https://www.ebay.com/itm/355158588729?_skw=phone&hash=item52b119fd39:g:rcIAAOSwqCpmIUbI&itmprp=enc%3AAQAJAAAA4HoV3kP08IDx%2BKZ9MfhVJKkApMAPb7%2BlZ5b9mizm95ZLXd%2B7HRMyaZ%2Fm8uxdyKNew3h%2BKBu8bkncdW1dqy2w7ndVmgsDOkGi9D42tfS4Xq%2BFZBiESnRgnRZR04GaWcSxrPA9wPkJbr5IiNjXDtA5ycEMV5eJBLahsBzuZU2OjxFj6vC5Z8tx5aGP1qAD5v9jRBaty2YtXp4cO91xiEG7cHdm0GuNUfi7Hpp1SqHxatBFMngG8IFbtUYF2knF7hATtKvsBd1W4bL9U%2Fzdt732JpxD5DHrs3urTZMsUzLI%2BsAG%7Ctkp%3ABk9SR7yfsNa8ZA,4 GB,"128GB,64GB,32GB",Dual SIM (SIM + SIM),"Samung Galaxy A14,A14 5G,A04,A04E,A04S,A03 CORE",6.6 in
"Brand New Samsung Galaxy A15 5G A156M 128GB 6GB  6.6"" Unlocked",$154.89 ,https://www.ebay.com/itm/285689583749?_skw=phone&hash=item42846d1885:g:B8oAAOSwDAllwzFk&itmprp=enc%3AAQAJAAAA4HoV3kP08IDx%2BKZ9MfhVJKm2IdYi2qTX%2FUSQRD1QS9%2B4gL2QkpssopbEA787YufMnQMaiA%2BV%2Fz7vfCObSyYf%2BSoLr3yPyS84p0cLKxTJZAms0UgoOnOKRQtRCWKjMnVEFzw1lGfyMqoewu1zSbI302oUNtLnkdSGlZTbnOjhoxtIBxap8gZLPrMzEBdVjAgmLbwxbxrwokgbxkGBJApa8WGN%2F7wCO7QcD7iZD%2F9RUv8eM5eOHaOYGuYYlhzxZPYUNHnnCt0S6wZ%2BHhmY5wYv%2BgQUQrAGyk%2BwUu9pA6HFs4kH%7Ctkp%3ABk9SR-y5z9a8ZA,6 GB,128 GB,Dual SIM (SIM + SIM),Galaxy A15 5G,6.6 in
Samsung Galaxy S23 5G S911U1 128GB Factory Unlocked - Excellent,$403.99 ,https://www.ebay.com/itm/226290329722?_skw=phone&epid=14059039366&hash=item34aff4687a:g:TzYAAOSwc6VkY6uc&itmprp=enc%3AAQAJAAAAwHoV3kP08IDx%2BKZ9MfhVJKnzcIngpT2lD%2BhpL0ia4kNc313zYbd3Ts0jhRXQUfO7IK1B6nvj8oqKa%2F4v440ZwATMuaPNvlzpUjn3l1ErBCusMGUkOkSchkK61eZdI5ThsBAuPY4Q8PI1A5Z3QKg51Zuzn6x%2BjEqW1lEmUzT3kbCoCSG6YHmW6kyPuOfhwQ2lnYzpijfQVLwR2FVF8Z91SbAXkNbsWK1VecjKiDlRxrfYvB1%2FfMPGoT5r08k2LK4DwA%3D%3D%7Ctkp%3ABk9SR_K5z9a8ZA,8 GB,128 GB,-,Samsung Galaxy S23,6.1 in
Samsung Galaxy A15 5G - 128GB - T-Mobile and Metro ONLY!,$129.99 ,https://www.ebay.com/itm/276604999447?_skw=phone&hash=item4066f15717:g:fnsAAOSwewdmxiGS&itmprp=enc%3AAQAJAAAA4HoV3kP08IDx%2BKZ9MfhVJKn%2FUXeFlpqZ7skQ1%2F6fJBAUC1VRKu1GIl6Av22PjjIhv%2F3t76de41%2FT8lSFdWfELsZL2xWEAT7ek1CbTyebJnwJXbZDXUy0yESabs7XvZl6O%2FmLc7UbtwtF84%2BD6N0XjKKpHHERI%2BVWGoO7laD45XuH9K0OECPPOhw83AKhhU4Rw%2FvGor2X83stBIztcsjQo%2FujkZ6OLkF%2BkYyahiGadPHspgmUDNAc5H2db0K3TY64skHqsUQ1e%2BUR90V0z2gJ8HWlH5SR%2FIK4hUFXUFdZCNex%7Ctkp%3ABk9SR_K5z9a8ZA,4 GB,128 GB,Single SIM,Galaxy A15 5G,6.5 in
Samsung-A15 5G- 128Gb -Blueblack-Cricket Wireless New,$104.98 ,https://www.ebay.com/itm/126421636729?_skw=phone&hash=item1d6f511679:g:gcAAAOSwj5NmISVL&itmprp=enc%3AAQAJAAAAwHoV3kP08IDx%2BKZ9MfhVJKncRP9RxIsx%2BmgK1VtGYj2QHqv1Z%2BzOfBGmRHZ4mBD1IprTw19t%2FtNlP7SRp2U7Q4QT0IfwXV86RaZ5r3vwHCGruIHNwvTdXz3WoNdSzCkG15K95cuhN5mglpa81oLUp%2FlIXJpzSN%2BVuNVTV1dGE5144OgxsQon7L4NtnwDClgxAdW3dLuT%2BjcjKHD2PLaQRyLOGd%2F3mr4%2Flb88p2SLd8QQDTst6RXNYf3gQMTj0119Rg%3D%3D%7Ctkp%3ABk9SR_K5z9a8ZA,4 GB,128 GB,Single SIM,A156U,6.5 in
Samsung Galaxy S23 Ultra 5G√¢≈ì¬® Unlocked (SM-S918U) - Open Box,$755.00 ,https://www.ebay.com/itm/226239509988?_skw=phone&epid=23059054247&hash=item34acecf5e4:g:uv8AAOSwrV1mkKvF&itmprp=enc%3AAQAJAAAAwHoV3kP08IDx%2BKZ9MfhVJKnNSJgnKamJJNE%2Bbom%2BJLXnULFkme3iarkMd9ZEpPYi58IdS0%2B3L7ymyDqxVXGMHN5ToMVc5RcxWOVL2hmt7as4o%2BJ9l01rB%2Flj9vR59J2MtLmMDck2nazT%2BZeJAO5239ZbeXXhafQdHLh7EK5Vuoat1%2B%2BQ74HUx66Ea1IVkiPVVSlc%2Fd8%2FNzwat6qrV8Wehqup%2BaH8snWCk%2FSRPxWtIlh9E2JTEvVGMQ0oPFUp7cvtSQ%3D%3D%7Ctkp%3ABk9SR_S5z9a8ZA,-,-,Dual SIM (SIM + eSIM),Samsung Galaxy S23 Ultra,6.8 in
Samsung Galaxy A13 5G SM-A136U Black 64GB Unlocked | AT&T | T-Mobile - VERY GOOD,$115.00 ,https://www.ebay.com/itm/145675877887?_skw=phone&epid=15053002552&hash=item21eaf57dff:g:IuIAAOSw311lMOeu&itmprp=enc%3AAQAJAAAAwHoV3kP08IDx%2BKZ9MfhVJKlqnswV2qopITpt6Fj1uY3cDbkFyDkqAuodtKzQ2Z%2FNZ39CBsY72g0myoqWSVrqwbSQm%2FQEQINF6aEQH4GeHVbtUtxXGm6SvOfWwCOCDpP4wWJLMlVAnkFWK822UWLHIHwp1eeI%2FxdjA91%2BbwJgADV4BIzvwLyQsFujO5V8MxY%2BeLPy29coWQNeMiKUxOiu40TcS1CRQwKRsezvus7lc0hUWjmavt3EVLRg0Z7KEYkWwQ%3D%3D%7Ctkp%3ABk9SR_S5z9a8ZA,4 GB,64 GB,Single SIM,Samsung Galaxy A13 5G,6.5 in
Samsung Galaxy S24 5G 128GB SM-S921U (T-MOBILE) Excellent,$435.00 ,https://www.ebay.com/itm/276501112870?_skw=phone&epid=20064922206&hash=item4060c02826:g:ZFIAAOSwPJxmZRX6&itmprp=enc%3AAQAJAAAAwHoV3kP08IDx%2BKZ9MfhVJKnkLNORVTIOyaEhnr8kXFGO3zvvwrJ9qTcJstvsCLYGLhyAQiaaXsS9K7X2qyyxXNod5H6913lWgaq%2B6zNAmm3Cn%2FBWJC81Qt58ULScgh5c6PflZmEEKKZhqQYUCenzMOd96j3Gq6y4Uwv73L8mpUCtIwxxDHroupI%2F%2ByQHAFyQVqZ%2F89fTsIUAtLVCMdMZO9I5FxGvZR4dq%2B61mJ%2FdHORgG%2Fmj%2BOD%2B43fBbbObA%2FokOQ%3D%3D%7Ctkp%3ABk9SR_S5z9a8ZA,8 GB,128 GB,Single SIM,Samsung Galaxy S24,6.2 in
‚ú®Samsung Galaxy A13 5G‚ú®64GB Black (Unlocked | T-Mobile | AT&T | GSM) - Open Box,$105.00 ,https://www.ebay.com/itm/225915784133?_skw=phone&hash=item3499a14bc5:g:o7kAAOSwAx5leng8&itmprp=enc%3AAQAJAAAA4HoV3kP08IDx%2BKZ9MfhVJKmXMbk9rfiVDnlMh%2FLhHlg52ehMg06kZ56RbRG5KH5WQ27RERrhbc%2ByB%2F889%2FqDdnJubNRuF3QfDm3puNA6vZ%2BbPwafwriumKNo0lR5IHqpVioXsi1eCbed%2F8%2BOF5spn7qZrVYO7KL8msGY%2F4rrTUiNR2hJM4M9Dj4QVd4o2KnooeleCA%2BHV91kOJBV98Vi4TaU6z1bo%2F4psDMyyJlbngxZpMEVvCcrZFP%2B42qKypfwXTeSPA27aGAJuaWr99UVrP%2BlSXYinNq5xORNsa55gOwt%7Ctkp%3ABk9SR5L49Na8ZA,4 GB,64 GB,Single SIM,Samsung Galaxy A13 5G,6.5 in
"Samsung Galaxy A13 4G A135F/DS 6.6"" 4/128GB 50MP Octa-core 5000mAh Phone CN SHIP",$243.50 ,https://www.ebay.com/itm/175861519890?_skw=phone&hash=item28f229d612:g:nf0AAOSwN~diQU5o&itmprp=enc%3AAQAJAAAA4HoV3kP08IDx%2BKZ9MfhVJKllJn5U%2BwaqqmDKfTt4GKosDEn0FLuzCuQ2BYRHDHNCYVqoXucvvKxooY2XEGmBDdU2kAqOaHHT8nNN5oSRG8B5ILc4JyWxiQyQedS3EtwRmZ3%2BQMDPy2ZvHlUq%2B8kfCLMttzTfmVTqOgS9PP%2FcbzapdCTE1Qfr8dVv0R43krJjxjMDjmPq7w99ZqqRJv%2BwN7hSc%2BMlqYMfhEDdA65vGsXVmBszQayVtMNrvsN9qs%2By2TaFkjm8IjwEGcRT0cRGoRQrDUclrPlY4iHji6YKJqwa%7Ctkp%3ABk9SR5L49Na8ZA,4GB,128 GB,-,Samsung Galaxy A13 4G,6.6 in
NEW UNLOCKED SAMSUNG GALAXY S23+ PLUS 5G SM-S916U ALL COLORS AND MEMORY GSM+CDMA,$638.88 ,https://www.ebay.com/itm/196431104418?_skw=phone&epid=18059048924&hash=item2dbc34c9a2:g:gKUAAOSwOk5mYnb5&itmprp=enc%3AAQAJAAAA4HoV3kP08IDx%2BKZ9MfhVJKk3kEmQmsKgP8GVP5CZo4BCYyi4mfbV0Aclg6GT4R2GR%2Fj8xKTIt%2FZkMb%2BXrZsCa0KzIUvXu6aPUu7bdijcIdC0S%2B19tjcmn6mboD0du%2FXNJTV%2Fx3sGJ2XcM5YceItRagO0hVuLW95sJrpX9kKF0bUZsHHkDj6jJ9LftU%2FvNAox8TiOaNU47sKGZP8tV2z494reLomyUWbqbiv8YbMxbc07odw428sH%2F0R3EIlGvHd0SRA6v1dO%2BpyZOefythWREeBFt7Jj82uyHQfpobNfnhyX%7Ctkp%3ABFBMlPj01rxk,8 GB,"256 GB, 512 GB",Dual SIM (SIM + eSIM),Samsung Galaxy S23+,6.6 in
Samsung Galaxy S24+ Plus - 512GB - (Unlocked) (US Model),$849.99 ,https://www.ebay.com/itm/286019998486?_skw=phone&epid=8064918815&hash=item42981ed316:g:G04AAOSwQVFly8o6&itmprp=enc%3AAQAJAAAA4HoV3kP08IDx%2BKZ9MfhVJKk03sg5X7--MqqKjF2Zu0ceIP9TLOJIE5AkLk056VfE9W1jHpRl8JCTpJcthO2ZpNFZoamKwBHRoY2rTg%2FCRqz0qBA223eOY5gbzEB%2BZhDp1Y4YYRhEU5waYAafNHWGKXC4eUlfQnGZQog2q166IU9DPZHS6nyXmmdMlvbjgEqpazA%2Fd7bysKWfFHlD9ZKlYEEqZSur0KQ7Qwq%2FPtTEOaDlJjCTXyEDl27D8H1CyjfqGL%2BZdZ1x0v0PuTya4KGNGFcKDtzHqla6GDftXQMBRFOf%7Ctkp%3ABk9SR5T49Na8ZA,12 GB,512 GB,-,Samsung Galaxy S24+,6.7 in
Samsung Galaxy A13 4G SM-A135U 32GB Fully Unlocked (AT&T/T-mobile/Verizon),$92.99 ,https://www.ebay.com/itm/204145637039?_skw=phone&epid=10058872998&hash=item2f880736af:g:Mz0AAOSwYCFj9Qsd&itmprp=enc%3AAQAJAAAAwHoV3kP08IDx%2BKZ9MfhVJKn6oSZWylbJSzbwG1yYQ5d2eVg76lemahHFwSRLHnjnYyrpt%2FK6q%2F2AQBrFv4KR2XyzNwvojzStCSVbWEcYxQnVf6SVJ5GYKdvv4yV4HCZelMpaF2tHcZ8leGgPYK9ojsoUnvjs%2BuObhWpzZrfVHDzPc6Rob1ab5p%2F8OVQ2wu5GsjQXKj%2B4VBGgQKVOwjFCWWLCBjwRBvnb1Xg9ufmWOpITem7Au0CBnWFtlPb3d%2FyMCQ%3D%3D%7Ctkp%3ABk9SR5T49Na8ZA,-,32gb,-,Samsung Galaxy A13 4G,6.5 in
Samsung Galaxy A13 5G SM-A136U1 Unlocked 64GB Black Good,$84.99 ,https://www.ebay.com/itm/176488012937?_skw=phone&epid=28053004609&hash=item2917815c89:g:AgUAAOSwrL1moTz0&itmprp=enc%3AAQAJAAAAwHoV3kP08IDx%2BKZ9MfhVJKnxZDZ04MFkjkNreJ52n10o9M2U3mozYLPMI0YvN8NVMmag8ZmJXFUGjSHYE9Balu8Slb9FcMy9pTsDeU2J8FKtHnjzeECvjhX3A8WKerYT1CY9qGcZue9dSt61QjFPjNR0tURoehW4%2FfpcHuX5O5uG3MIQmdJa%2BdUlHFboms3UwmgmQ%2BZN9RK84cjg4Xd3jMbGz96wR2v8dPgYSb6C4LrSXArPyV41e7y0XIrgNsJEag%3D%3D%7Ctkp%3ABk9SR5b49Na8ZA,-,64 GB,-,SM-A136U1,6.5 in
OPEN BOX  Samsung Galaxy S23 SM-S911U1 5G 128G 256GB Black Cream Green Unlocked,$399.00 ,https://www.ebay.com/itm/126197005671?_skw=phone&epid=2330090727&hash=item1d61ed7d67:g:vs8AAOSwWAhlW9H6&itmprp=enc%3AAQAJAAAA4HoV3kP08IDx%2BKZ9MfhVJKllbIOqsOChZnG0PdjMQr8ZbLwOV8KCPP4EUFYIy%2F7Xq8hm1MK30CEn%2BoW7CSUVTjQYc7FrKZH5fLD%2BMlQ0%2Ft%2B%2Fbs7ihofklqIdMdnUd8C16LxhofelEmUxMItPAXgQn1nz8BYBU9ke%2BpJivu6AzQS8wjjnVv%2BuN%2F33xJkfYDrxhCjaM8RAr7SqFx%2Bp6kO3i3UqEX4LsYBEwbWl16arWgmr5TflF9UaI%2BmgthVA134Tc9fY7tt%2FgqnsLwnU%2FFewPMzBj649cYlUNS1xXmeJTjF%2F%7Ctkp%3ABk9SR5b49Na8ZA,8 GB,128 GB,Dual SIM (SIM + eSIM),Samsung Galaxy S23,6.1 in
"Open Box Samsung Galaxy A15 5G A156M 256GB 8GB  6.5"" Unlocked",$160.00 ,https://www.ebay.com/itm/305481313537?_skw=phone&hash=item47201aed01:g:B8oAAOSwDAllwzFk&itmprp=enc%3AAQAJAAAA4HoV3kP08IDx%2BKZ9MfhVJKl2YFSWKffQbijnGzc7jm2DfgHtXd4oBJWx4muYYVzKPvEddErQexYX%2B3eczBIKBRZ0--I5VAbuMV2AJnEi%2BMtK2wMGB6v7sL9U%2FpQub5Y82XuFFmtZ%2FUz5lbhr8Jmhza0fTdD1sobs84pEFQSjXX87Z%2Fiow6DKkrO%2BWxsGRg%2BsjZ2xwt4NLAG1u1IbTmjHT0tLW1ga2m0aUpeHY2hgWT3TkY%2B%2FcsVUivmg5kIFpsr5u2DCCYHCooj7W97XAu5wlt9k78%2BoYUctXWNE5AiGO1Nf%7Ctkp%3ABk9SR5b49Na8ZA,8 GB,256 GB,Dual SIM (SIM + SIM),Galaxy A15 5G,6.5 in
UNLOCKED Samsung Galaxy S23 FE 5G S711U 128GB 50MP Cam All Colors - OPEN BOX,$335.00 ,https://www.ebay.com/itm/145858179767?_skw=phone&epid=8063457503&hash=item21f5d332b7:g:BC0AAOSwp6xmPbrI&itmprp=enc%3AAQAJAAAAwHoV3kP08IDx%2BKZ9MfhVJKm0HNVhKei7z%2FyaBFT%2B%2FkKjzv3K7H80%2B1MdWuvHOkyZDfFothS88PelnnRfSN7B18qOF2C8n8BSUK66VpQDWwz6napzL3ZP3JhX%2BhkVdZyH0MNtL%2BHx6qNu01bKW67ULTwa5Lno9ZHKZ8o7hMqNpE3P1EGpXegefHfLe%2BoYGDLcXdSAfYiYXY9YTQbILFBPsGIJOTuI%2FFIsrGNK6e%2BuU%2FbjT35pt%2Fv6pNmcips2zZMOeg%3D%3D%7Ctkp%3ABk9SR5j49Na8ZA,8 GB,128 GB,Single SIM,Samsung Galaxy S23 FE,6.4 in
Samsung Galaxy S23 FE 5G S711U 128GB Graphite 50MP Camera (T-Mobile) - VERY GOOD,$299.00 ,https://www.ebay.com/itm/145665203948?_skw=phone&hash=item21ea529eec:g:UFkAAOSwl1tl8ACV&itmprp=enc%3AAQAJAAAAwHoV3kP08IDx%2BKZ9MfhVJKlbo0PuYr7fFAhWWPQsjCb6PD68B2Ri1EKm7W3jt%2FGAJx6YesYaCk7JZkGqO8%2FHFzfaSVN0KAL%2BCnEYSU7xqLxEGkPPY75ZDn4nU%2FPUl8%2BVQlARhxVnOjYItUWn5sJVlIYgZdmq75QC5YaEoM4PxPor1qD8C8YX9ufZH4BghZ4JyVIvK1OwdrH6xXBEqrKH60O%2BAtp1P6eQfSpoJR0Z8YHNTWX39xveBYP3xQdUGDWniQ%3D%3D%7Ctkp%3ABk9SR5j49Na8ZA,8 GB,128 GB,Single SIM,Samsung Galaxy S23 FE,6.4 in
Samsung Galaxy A15 5G A156M 256GB 8GB RAM GSM Unlocked International Version NEW,$184.99 ,https://www.ebay.com/itm/326001858599?_skw=phone&hash=item4be7399827:g:wY8AAOSwqg9lizHL&itmprp=enc%3AAQAJAAAA4HoV3kP08IDx%2BKZ9MfhVJKmHNQFgwRI97XQQ4LltHSjE%2F7fuQtYWIU8HXP1RKY0s1%2BmC4agBKXSe%2BhcAY1WsMyfXZz7Fl5fCNPaAzrghHHQACFy3%2FMDUOuQSr7Z8ZAjVdRMypH%2Bg3BbMpY2NcnvKQKgzyk%2Fs3DeTFpShmb0dCIDhWt0o2yZOJ5gI6i%2FdmDDHUy9bISEnXW9g%2FKOISGLXIEU4ofwBIglp1AFtxy1b3l9SWVPLRfylxENq07lGZiFdWHza9%2B7YVr%2BdjDlK1Qw9fmTpII5kG2%2FpOEvn8WqhVM1s%7Ctkp%3ABk9SR5j49Na8ZA,8GB,256GB,Dual SIM (SIM + SIM),Galaxy A15 5G,6.5 in
