Product Name,Price,Number of Reviews,Product URL,RAM,Storage Capacity,SIM Card Slot,Model,Screen Size
New ListingApple iPhone 15 Pro Max - All Colors (Unlocked),"$1,050.00",3 product ratings,https://www.ebay.com/itm/335571283076?_skw=phone&epid=8062766783&hash=item4e219b6c84:g:ULUAAOSwme5m4jU8&itmprp=enc%3AAQAJAAAA4HoV3kP08IDx%2BKZ9MfhVJKm7eX%2BgAsbHVNSQp8aK4%2BbNEt3B5rD01jEHGBGps6XF3Vqec9tDFJHNwFS60%2F7GOoYnebdPcmpee7GZ0LFbTXYXfaXPO%2FbeUySjRq2W7k69I22t7Q4TCmn1TuCgSYA3PlULYDOXw9qpvABFQQZsXWSyjj5XBeJQ8THR7iAtKg7mIC9xAaf7IZgHGskktTtYarS7zw9YK7ArqVpmxHQli78c5GoGaYXQzLfj7zMKj12UVYn4KbLsmIUvUyr%2FBYXr%2Fle5O5V5i9tQABLES6Zh8ljy%7Ctkp%3ABFBM4tXr17xk,12 GB,-,Single SIM,Apple iPhone 15 Pro Max,6.7 in
Apple iPhone 12 128GB Black (Without Simlock) (Dual SIM),$228.99,4 product ratings,https://www.ebay.com/itm/395658946310?_skw=phone&epid=25041757159&hash=item5c1f1c6706:g:63QAAOSw39Fm05Qv&itmprp=enc%3AAQAJAAAA4HoV3kP08IDx%2BKZ9MfhVJKk6da%2FahHWei46sy1eP%2B%2F9ljcfI%2B07oa5FecZa9O4Cw2%2BkD%2FZX3Uq9Jf1FGDlgOSzFfouRzmXLI5DeyteO3ieALhyt9sUVVjJJePv97mbCumw4eDjP8EDPMllWpwqbpxzDg62L7fy8Pvtj1ppJMPOWn7SwkTwRKEwy%2FiAfyBlOk7VZVJnEbyjS6KeJvXgvQFzxZzf3w7UDHzdt3kncCjLYdoXrBjEhPnTojM5e6SDfToZLSpbUSlOFR3dO1lMb2Lb8LILUO0ZuQ0WVEKPaqp5P6%7Ctkp%3ABFBM4tXr17xk,4 GB,-,-,Apple iPhone 12,-
New ListingApple iPhone 13 mini - 128 GB - Green (T-Mobile),$382.63,1 product rating,https://www.ebay.com/itm/296686223455?_skw=phone&epid=6052782194&hash=item4513e0805f:g:G8gAAOSwjKJm4cVq&itmprp=enc%3AAQAJAAAA4HoV3kP08IDx%2BKZ9MfhVJKlpgfUdvw3nR%2B32l4ety0Y0mvDM2najUSUhwu0qMf%2FXjdmeFqkFlOkwY1XuhchMAPKFNIp5fxuZ3MQODXkVAiZZPzFZZ16QeWXudkP7EA6AE%2B4eyoFGsEB1ZSiRna8%2Bkm4k9C%2BwQFxEzk07XAMYyuIrRsR7ObP3Orkwi9RTbP9iN9c0lVnhKilJIMoZ1ZmF65knAWViheIVHuhLLjjMSztcRbk9%2FAFDo3Ed2EeXgBpeHyM1UTroQtIdCNgCGXMFgFctAPPcUdpE%2FRh%2Bm%2FAE9T8A%7Ctkp%3ABk9SR-LV69e8ZA,4 GB,128 GB,Dual SIM (SIM + eSIM),Apple iPhone 13 mini,5.4 in
Apple iPhone 12 - 128GB - Green,$287.00,-,https://www.ebay.com/itm/276634662747?_skw=phone&epid=2312761131&hash=item4068b5f75b:g:CjQAAOSwrZVm0wJA&itmprp=enc%3AAQAJAAAAwHoV3kP08IDx%2BKZ9MfhVJKnn9EG5%2FQMVFB3CO1n%2B54sS%2F4EWwqlY8tHPznNOLwlH4zHQEwoTWanTzkxYVjp9BFCIp62d4f5WdhARoZRJ3HKZT%2FcSZMem53J%2B0C0sY4B2pLwqAOHBEgRMHdhKMMANftPFJ3%2BkW4MphGiWZQwfYf6NQZQWJU6YRRUhaW9N3IJr6fo3OwhTBR%2Fh9zFyr2N%2BoTeMQzAiHhfx2HdreGkNCNd%2FLJlPF8%2FechQ%2F6gsaO1tSLQ%3D%3D%7Ctkp%3ABk9SR-TV69e8ZA,-,-,-,Apple iPhone 12,-
"Apple iPhone 12, White",$245.00,-,https://www.ebay.com/itm/356028817564?_skw=phone&hash=item52e4f8a09c:g:7hkAAOSwG3xmk6Lm&itmprp=enc%3AAQAJAAAAwHoV3kP08IDx%2BKZ9MfhVJKk4fdeBos2952lP2jdvaMtU9s6V1tJsoRqun32cX72Uv9lRfke8MimLlO8Fn2FpkqrTqylsWL%2FAYDMrnxiBbxblq94JXm99rqnJpLshC85OT4GlRI2l9D8K0jg%2BkEg1MN7IhoZp8b%2BB0VvSJeKs6xJlJNxY0FJ78Tby%2FPx7plObQEY%2BKqZLxzP6UcEAyLnuk0iDvq2P8eXV8edRiFgX7OP%2Fm5lUHhfMtS3lAIYsKoRmNg%3D%3D%7Ctkp%3ABk9SR-TV69e8ZA,-,Unknown,-,Apple iPhone 12,-
New ListingApple iPhone 12 mini - 128GB - Unlocked - BROKEN SCREEN,$279.95,-,https://www.ebay.com/itm/296686795601?_skw=phone&hash=item4513e93b51:g:a-AAAOSwJzJm4iOQ&itmprp=enc%3AAQAJAAAAwHoV3kP08IDx%2BKZ9MfhVJKklVOodg2JWXH9ofw67eCWHDJiZ8oHZAOvL4mpMAGw5Ae5FX7JKAeyRk%2FFjtZ4XoNmZoPQEGTHgiVK8HZjBOkH9oDhAMjlDmZVPqSHJTuP1O%2B8kc5nODiytXHDMtLsm%2BknqjtO1DJI%2FubBcBBP7z9oWPywhT5Tbkiln3atTmKQqYoFG7giKe0mrjxw%2BObcIXwCkVa%2FmCMJrgFbh9QTlN3Y4fSmm4dFmkRwnOzW4wIWy5g%3D%3D%7Ctkp%3ABk9SR-TV69e8ZA,4 GB,128 MB,Single SIM,Apple iPhone 12 mini,5.4 in
Brand New Apple iPhone 15 A2846 128GB Blue Spectrum Unlocked Phone Only,$390.42,6 product ratings,https://www.ebay.com/itm/395669967325?_skw=phone&epid=8062766781&hash=item5c1fc491dd:g:StkAAOSwlS9m4I0c&itmprp=enc%3AAQAJAAAA4HoV3kP08IDx%2BKZ9MfhVJKmkfpXlcwdY7HXHwyDCRtt8ygyC2SdLKrbArw%2BW4drgtcXPg98MeT78rMM6llSLbdVfPIM133Ekhj6T%2B%2BdL8oqSkx41hzp0bTQo1pEPBwzd2mCCTHUEakicSR9Q74jd16qTMKp7jhz%2BRZfTWpom1JG9ipNUPIwIyqIjG46iizFXDSO%2BZ67c2JZaLehDv9aLbAVAYcHsR2PvpTgHj%2B2ewVJmMP1LGLjp6Ui26oLON%2FDh66ymN%2FSaG7R8wOuRX8mhtwHJY2t%2BoWTazpVtDJDdbjfN%7Ctkp%3ABk9SR-TV69e8ZA,6 GB,128 GB,Single SIM,"Apple iPhone 15,A2846",6.1 in
New ListingApple iPhone 11 64GB 128GB 256GB All Colors (Unlocked) - Good,$269.95,40 product ratings,https://www.ebay.com/itm/156403508051?_skw=phone&epid=9034209104&hash=item246a602353:g:P0EAAOSwrB5m4gVT&itmprp=enc%3AAQAJAAAA4HoV3kP08IDx%2BKZ9MfhVJKnkZTVXLLtKT1ALwr0%2BV4aEFHcj4uc7z4QiwWOs3xAlu9stoS%2BxvmfxBuvLnzPQqaNkSOmjD0Bjd%2BFB2WMXdNaQlEaE0I7I7A3oOBp1v2oI%2FnutCDzi9uuKkFcwPrhW42fCC5MXYtx1d80diMQEoU1%2BOy%2FzxUOf7eUcNkHqyBgqKIQFvdlORwbzp6N0bQdhk%2Bip8YFVq3cd40d25obRP0bMcV5FUc%2BMFm2fJ6sofGYx%2FQ66HJixZI%2B37rbHyykotsoOClKdkn5UFuLzrO3wJvRs%7Ctkp%3ABFBM5NXr17xk,-,Select from drop-down menu,-,Apple iPhone 11,6.1 in
Apple iPhone 12 Pro - 128 GB - Blue (Unlocked),$349.99,32 product ratings,https://www.ebay.com/itm/395665884928?_skw=phone&epid=17041715648&hash=item5c1f864700:g:6WsAAOSwU6Bm3y74&itmprp=enc%3AAQAJAAAA4HoV3kP08IDx%2BKZ9MfhVJKmLH9JGhWQBU0x066KzTGFaKoWQVj1TuIQk1qiZ54HQpoDE%2FABgvacKXvaaL0Otvna8dczf33m4R%2B3KTy%2B%2FU7iO2LFchjCHFGkIkRzBQMdsLfCJ0w0DKNvD90tJzkfsXVL640oAlzAsFrQo8XGfa0q%2BT%2BGt51v5jk2sJNm%2Bvi2Pch%2FJHmLKxybSun1XvsqHXi0HovG5WWqcBeM92pKntMbZss4Zm1A1P16d2ufCz%2FdUmHdJ0Iv9N7ezE57IGAVGFgtQDORHoYRZ7dp1tcu3NcHF%7Ctkp%3ABk9SR-bV69e8ZA,6 GB,128 GB,Dual SIM (SIM + eSIM),Apple iPhone 12 Pro,6.1 in
iPhone 14 Pro Max 256 Display Damaged,$449.99,-,https://www.ebay.com/itm/135235401821?_skw=phone&hash=item1f7ca8785d:g:M10AAOSw8vhmwxqK&itmprp=enc%3AAQAJAAAAwHoV3kP08IDx%2BKZ9MfhVJKnGJwVsHsvP1BQQHZAVuGIvaH2t4sNB0qZVJPAioZE%2B9vweYzzSSKMNwZxGQZARQrmZaSsCsEF2MF%2BzaS8%2BZAN1LutHv%2FbakmfI%2BJ2pgrCMjQaYafLeeoFr4oawuFE%2BMN%2FxrEYodRG4i%2B3hY3hDa00wx7zbjHaahOJ6b799KLE1YoJmNm9b%2FTyEwHKneag02cESdgV6w8aX4lartIxxsn0Rnf%2Bo3RYdmQmvSfogxRkgLA%3D%3D%7Ctkp%3ABk9SR-bV69e8ZA,6 GB,-,-,Apple iPhone 14 Pro Max,-
New ListingIphone 15 pro max Unlocked  (android version),$325.00,1 product rating,https://www.ebay.com/itm/176570261184?_skw=phone&epid=9062763667&hash=item291c685ec0:g:ZuQAAOSwZmFmvu-h&itmprp=enc%3AAQAJAAAA4HoV3kP08IDx%2BKZ9MfhVJKk0DJ6yKbRqjcPdgDIa6N8DUegQkyz0yhTTHa3hw4PzP%2BtOyvLKwtL3cWxfgD%2FNOQoOak4boVs%2F6Tie1vJa3zAJbrCqoifIzccrIPEwgsZ0yUS4eT%2FHbcBB0vaDdnlPbnpIXQ1NAdk%2FLhmgUG%2B1S8nibwa%2FIjtr4KcDPs7Zdg%2BTPuole9HsGZc%2B%2Bhz6%2BOU1mDcsmoq5qcAaAZO9%2F5Y0ReVW%2B0mkSImHNZEXh1yydgZWFw5p5rWyFQH8F3zULp1fHPddin7Zz5bODrre5t7CmPvJ%7Ctkp%3ABk9SR-bV69e8ZA,-,256 GB,-,Apple iPhone 15 Pro Max,-
New ListingApple iPhone 11 - 128 GB - White (Unlocked) Excellent Condition!,$284.95,28 product ratings,https://www.ebay.com/itm/305777115078?_skw=phone&epid=5034224981&hash=item4731bc7fc6:g:0UsAAOSwT-Bm4Jpn&itmprp=enc%3AAQAJAAAAwHoV3kP08IDx%2BKZ9MfhVJKmPGjbq5Qnwf8%2FaFfjYIwO1Ju%2Bwlsv3y05J6WKVuSngPsiGSRaT7ywx28Plup1LS5crtv9veB2ULH06OaFlMq%2BZPh6TSOihu%2FzApEjg9YKUuP2bH9dzRRPvE%2BXhvP4Hd4dsXyx4aEElZ1Da8kReQ9NbVpATnVcrcAljHUUCG%2F4Xi5p0lt3ARDoRyk6ZEe0KjizrHD7yqcRDc3Rj7mJPxggesrHWGoQbzKARIAwng6TZTw%3D%3D%7Ctkp%3ABk9SR-bV69e8ZA,4 GB,128 GB,-,Apple iPhone 11,6.1 in
Apple iPhone 12 mini - 64 GB - Black (Unlocked) (CA),$265.00,1 product rating,https://www.ebay.com/itm/355996507307?_skw=phone&epid=2312760938&hash=item52e30b9cab:g:lR8AAOSwjENm0Ro2&itmprp=enc%3AAQAJAAAAwHoV3kP08IDx%2BKZ9MfhVJKmGM49vQEI8SnzLxkqFVlnpteUeoD%2BJ8fyIcYHl0J3pTfGHwlEDJ%2BIJPdh55xTBiR5CCY%2FpxBumHLQC3ZimLE771zON2TzLD%2BM3IiPWKv26cuZfVLvcY5KE7OJRKjFczD2UJE3DyiBE7RrZRbNKEGd6Q2c6AwA%2BWOI9RnnirW0OSlDIjZE6zAyTTfVWu%2FrzR5A4v3QP0C3bZYwUFfSoJ2emgSHB1bjteA4ZBXjZtQ9Wkw%3D%3D%7Ctkp%3ABk9SR-bV69e8ZA,-,64 GB,-,Apple iPhone 12 mini,5.4 in
New Apple iPhone 11 64GB/256GB Straight Talk/Total/Verizon/Tracfone/Boost Mobile,$315.00,5 product ratings,https://www.ebay.com/itm/126002280263?_skw=phone&epid=28034634216&hash=item1d56523747:g:sOgAAOSw5FNkpNRF&itmprp=enc%3AAQAJAAAA4HoV3kP08IDx%2BKZ9MfhVJKkU3%2FlMrnO4zZNJbPm0iTQnChME43oGTs0ezaQoK3P27JZLN8%2Bg3kez7A8A9yl4H7ZPCEuSIi7o0HN%2FNqj53J44TOUxbeWIy9pe78%2By%2FRSBTEXJvntt9Qs%2BAUNdk1xqREL6rxeVGvjVGxQk%2FKvHzSf3d0ZYa8ZZqdWo0B025EQjfpQB%2BWFj3IjQWCqdKsGYK7QWYF7STc%2BQt7aVt4H9jB7C8rxGw3exeYwEJ8deBBvPGaNy9eS6OkeItv8%2F1UAntA4Z%2F8TJKmFcSzG2LjUlJivG%7Ctkp%3ABFBM6NXr17xk,4 GB,64 GB,Dual SIM (SIM + eSIM),Apple iPhone 11,6.1 in
Apple iPhone 11 Pro 64GB 256GB 512GB Unlocked All Colours - Excellent,$399.95,91 product ratings,https://www.ebay.com/itm/255111065706?_skw=phone&epid=8034218244&hash=item3b65cdf06a:g:kuUAAOSwzP1mHXXw&itmprp=enc%3AAQAJAAAAwHoV3kP08IDx%2BKZ9MfhVJKlvFtLPs%2B5dFW1d035Hrqlzm8%2BOGH5EnXN%2Fu85mJOoWSK1jAEjyobBbDkEqrIZ%2BHTxr55M%2F4ugoo1BwHbGLgbYM%2FL1OuFrlk5QRGibPa9dOjMdywHr%2F81OxIkcfEk%2ByTRx9AIEJpXUxXDWCZJv7WwCzlY9E%2Be%2FsxdkN5DO4pPi6No12akwIBzwqAaHjY%2BAW1g0VlLIaW47aVNaRVADymStZ32MkdIOBpfkhL%2Fs57UC5ow%3D%3D%7Ctkp%3ABk9SR-rV69e8ZA,4 GB,-,Single SIM,Apple iPhone 11 Pro,5.8 in
Apple iPhone 12 - 64GB 128GB 256GB - All Colors - Good Condition,$284.95,3 product ratings,https://www.ebay.com/itm/284798067246?_skw=phone&epid=4065001101&hash=item424f49a22e:g:KK8AAOSwg4FiawAp&itmprp=enc%3AAQAJAAAA4HoV3kP08IDx%2BKZ9MfhVJKnZtydd%2By7cyTxfcTz8pTxun9fHkke46Mz8yPxIPTSUC%2FfN2B4A54q4COjOAfievQ%2FNeUSAW9I997PRWqPDUv8y240nzPKW18pWULQmyyWxp8aJk9kZ8zFS5%2FYPzGXspXeGUCMQZOchIqch1S2CYXlNlk9z6Dky05rOTc09XYWhqu8ioPoAdbKGx35niSzeSNhEkB9KfDc2UBjGapEf5Jk14M%2FLX3k255LUsjv%2BtglwwYQvgLS9auUjfOQJdYKx5OC4BmsuQDyNYwGHkIlSm34b%7Ctkp%3ABk9SR-rV69e8ZA,4 GB,-,Dual SIM (SIM + eSIM),Apple iPhone 12,6.1 in
BRAND NEW | Apple iPhone 11 - 64 GB - Black (Unlocked),$779.95,40 product ratings,https://www.ebay.com/itm/405105617084?_skw=phone&epid=9034209104&hash=item5e522d28bc:g:iFUAAOSwOh5mlrLt&itmprp=enc%3AAQAJAAAAwHoV3kP08IDx%2BKZ9MfhVJKmlyAlfEYrYtZp1gdGAhw4SV7abJSdCHZgHRefAinDaax2c1pdsRyP01NymfHUS0bcnMSoA5Mn2IzKkunWnqLfzEeDTyKa%2BmPwWZE7yNPMw8AM%2FoCsLj5RojdUx65GtNQYu8kwyYgJYAKEE1DgMYIMn83r%2FnhAx6KZlb8L5vs2599QxggV3gZJ21m2qkAgb5lMAT6WHXJ1kcUOdVu2S89rQvcWYPq0j0Zf94w0B2wO4Og%3D%3D%7Ctkp%3ABk9SR-rV69e8ZA,4 GB,64 GB,Single SIM,Apple iPhone 11,6.1 in
Apple iPhone 15 Pro Max - 256 GB - Black (Verizon),$399.95,8 product ratings,https://www.ebay.com/itm/326264218570?_skw=phone&epid=20062769720&hash=item4bf6dce3ca:g:XocAAOSwm1Rm31-J&itmprp=enc%3AAQAJAAAAwHoV3kP08IDx%2BKZ9MfhVJKn%2ByoFhSxwhnAZ%2Bsad3O2N2uEKeukGQIn2iS%2BG0lybuutlZACwEIEEZjRkBEnT9rWHCD5uLeg%2BHMc7OpbNQRIl8NikzRkc7zG4FOzvCaeC%2F%2Bt1%2B6cjsEwh7ZPl8plNcJx74QUqG%2FFCA6p3YhNLcb2us1ZFcjKKkwWI%2FdhIqTqcNNpwtYJnI1sPmHthAeJUf6bI4uK7%2FPg0HcttMaTTqyAiGSd3J1cDafHqS3LDjsEBJCQ%3D%3D%7Ctkp%3ABk9SR-rV69e8ZA,8 GB,256 GB,Single SIM,Apple iPhone 15 Pro Max,6.7 in
New ListingApple iPhone 14 Pro - 128GB - Deep Purple (Unlocked),$445.00,9 product ratings,https://www.ebay.com/itm/395676268098?_skw=phone&epid=27056252010&hash=item5c2024b642:g:jawAAOSwsi9myxIQ&itmprp=enc%3AAQAJAAAAwHoV3kP08IDx%2BKZ9MfhVJKmoPsHiCrT3NsXvubtpROSe9L4VmlXCcHn3B1%2FM8hkjSbFusFs3UZF%2F04hKehsDJzHs%2BV%2F07d3U6J8RpnqQO3q83qh0ShBbx88IFUXilRRxcEmauO9UI4ND7j7lFsKIFHEGUcs5eAmu%2BsDDLlxtDYV9bwei4KwY%2Ba2NpEKMZsEe4oSTqy6pwzYXBxusS%2Bs6Sv0yImY8tCazrH6fPHu%2FXB4WC29rsZ84g1aF5UxzaysvPQ%3D%3D%7Ctkp%3ABk9SR-rV69e8ZA,6 GB,128 GB,-,Apple iPhone 14 Pro,6.1 in
Apple iPhone 13 - 5G Midnight   128GB (AT&T)  Smartphone - Excellent,$229.95,9 product ratings,https://www.ebay.com/itm/156323136817?_skw=phone&epid=3049291507&hash=item246595c531:g:P1AAAOSw7Ellqs9i&itmprp=enc%3AAQAJAAAAwHoV3kP08IDx%2BKZ9MfhVJKmhjF44RXtr4veEH9X%2BtgA%2FLnqUOnMvIAqiu01jFoHqf6nvMSPh%2Bn%2B9VP6NQQZrdoW39Eb0SgqOBED4znxnNDE7SgIudrHOsa5VJlCwy6T8eo%2FQ%2FrZkWKp2slaAzvQWs7QDgow9N%2FztzkNibKvry7EOBLBw1Ge820p2KcRqV6tR%2FUN9Ar5AJzkOj7XgPYSKiwUdDY1ZjGTsuQae7M7kJVL9ssV4CRDe6V572qn9gp2aLA%3D%3D%7Ctkp%3ABk9SR-zV69e8ZA,4 GB,128 GB,Single SIM,Apple iPhone 13,6.06 in
Apple iPhone 14 A2649 Verizon Only 128GB Blue Good,$374.99,3 product ratings,https://www.ebay.com/itm/186531718116?_skw=phone&epid=27056252035&hash=item2b6e2823e4:g:MS8AAOSw605mgwP6&itmprp=enc%3AAQAJAAAAwHoV3kP08IDx%2BKZ9MfhVJKl6DwkNPYu0%2B5aTnKQGXU78abn1bDWXWlVMqznDNtzU2z7Y%2FFBeQh7LQVdKkgeGI2Kd6v8PYzU1Ye1SZTJqlS%2FU2eAU%2B5%2BebhJAkmzFEzhVMFizpgi8itZw6OCI6PW4RJQiVYGf9KKfIx3R%2BVHquvw46USBg2mUaHNJxxoe%2B5Ls%2BGP6PuBMyDEcAoso6rB6Wo8jjyewn%2FSEmPf2upvDmlbtzldUVgSZMDsan4d518siJQ%3D%3D%7Ctkp%3ABk9SR-zV69e8ZA,-,128 GB,-,Apple iPhone 14,-
Apple iPhone 13 Pro - 128 GB - Gray (Unlocked) CRACKED BACK,$255.00,17 product ratings,https://www.ebay.com/itm/156367098370?_skw=phone&epid=27049276479&hash=item2468349202:g:Rk8AAOSwsMlmxgw5&itmprp=enc%3AAQAJAAAAwHoV3kP08IDx%2BKZ9MfhVJKm1Rpj7RP7NmQj%2BB78c6TuShZz7D5BOR%2FI8Io7PZOoga%2BGKwCjyitIGVfZJ5ZLZMQ2tI3BSFzauhm7UkSl6U5xWQ6uJJuieabQMUZPULfvh5GP5xZjYMV%2FPw4yv8kLfH9Y7jYnAm0stk6o50lY%2BL3EDxeW3hz4fjcGc4X8bY3yS8XwhpuHxTDpBc1ZifLE3LUbBZp5h3wBm0kVXigZ9KghgtlIEQhUu9GDV2EzG7KvLlg%3D%3D%7Ctkp%3ABk9SR-zV69e8ZA,6 GB,128 GB,Dual SIM (SIM + eSIM),Apple iPhone 13 Pro,6.1 in
Apple iPhone 13 Pro Max - Alpine Green - 128GB - AT&T (Read Description),$419.99,-,https://www.ebay.com/itm/146012094821?_skw=phone&epid=2336048821&hash=item21feffc165:g:ppMAAOSw1t9m14Cq&itmprp=enc%3AAQAJAAAAwHoV3kP08IDx%2BKZ9MfhVJKkIfWw6pMtsFOIQJ4whGcpqZEuKlcOheW3MSqVd2aYYlg5xFwuNuRU3n0n%2BXgbNyz1yaA%2B8F8ZgBWobOyLkiUahAKDVJXxhDnMMPETNpcJn9bCONPvgRR1JJJnENOaEDqqkgkiuIPyQBMZESiFZj17WhqyXUbiEAtDlYJPdZ7pgvvHsR44QW7zZVYMw%2FyopM7mycdrqoGBzekFWoqH4q4esuClNOuAzVoD68frmGvd8AQ%3D%3D%7Ctkp%3ABk9SR-zV69e8ZA,6 GB,128 GB,Dual SIM (SIM + eSIM),Apple iPhone 13 Pro Max,6.7 in
New ListingNEW Apple 14 - 128 GB -  (Verizon) Phone Cellphone Cellular,$282.19,-,https://www.ebay.com/itm/235740333664?_skw=phone&epid=6056270115&hash=item36e3380660:g:YSsAAOSw~qJm4mHH&itmprp=enc%3AAQAJAAAA4HoV3kP08IDx%2BKZ9MfhVJKkhAs8yJgmjwkkDCb7bunQ9InLJyKbeiae42JLq%2BThnSWJUIDxhLz76nScXcaIU0cjjTsHhD4hY38PRVCpRoi28oHvePMuUPhorYGm1zklTkSTm6N1upLCgiyVgljj2C1I1Aet4pJ%2BTHqpY0knbfP1zuROMvdNYEeBMNQLh67ZWTi7IxTCZ3nqXBPEjqWyQfJ72cjSSwLM5SmaD8fPQABpmDAXDhm2jeFJ8XY5qbw511rEZrIgOamaSRe6MGgbIuMT2wzS5%2BXP%2FJ%2FI4iKndkYL%2B%7Ctkp%3ABk9SR-zV69e8ZA,6 GB,128 GB,Single SIM,Apple iPhone 14,6.1 in
iPhone 11 - 128 GB,$173.5,28 product ratings,https://www.ebay.com/itm/326265073317?_skw=phone&epid=5034224981&hash=item4bf6e9eea5:g:NO0AAOSwkUBmx6nV&itmprp=enc%3AAQAJAAAAwHoV3kP08IDx%2BKZ9MfhVJKmSBnY1EGOwFITYs%2BJCRxB4jyof5GbPlc%2BUhPClgMEmu%2BqfPub66cRLF6QzeWGi8PRjpoc8fg%2Fg5NqgE3EG47Mv%2FbdNc7PmosvZdKWZcvjojPRGny8Gzok0UaI%2BeFYXp%2BDj%2Fw3JOmfYDrEAST9MY9QkVLSRvwGlDIrOT2lgQ0R9dYzF3BT1dRQIQrV%2F5ha9r5WjLnidOjdz2Ei%2BiWaO7qUkgnhxwVKHTDL7TjLap7bqFw%3D%3D%7Ctkp%3ABk9SR-zV69e8ZA,4 GB,128 GB,-,Apple iPhone 11,6.1 in
Apple iPhone 12 64gb 5G BLACK Smartphone (AT&T CRICKET H2O)  NEW OTHER SEALED,$247.88,16 product ratings,https://www.ebay.com/itm/285915396095?_skw=phone&epid=13041717128&hash=item4291e2b7ff:g:O8UAAOSwfAljG7ax&itmprp=enc%3AAQAJAAAA4HoV3kP08IDx%2BKZ9MfhVJKnW%2BGyCREA%2BYYxXYdqxcoSizZkp%2F4jWNINiMyaMQDnQbFi2ZwUXZs5w1F80CGBf7fExHAIRd%2B9VRxxRPhq88IJDKtvy3JWDkJLrS3uygP8DLDj9tzjvYZSWiPMa1Ikh0kxSrCnR%2BBYggH%2BS06OasWgntt8h0BcDTjE5JjeWCeplxvkDf8j%2FVO2%2F0ck%2BLWHfDvXVoOoISY%2F9I1hY7OkwVVSl%2BXdAnw%2BKCEDXRRVxXpZKtPf0OJ8Uw%2BW0a7Ef65Igwr41ttmYKSBUv5iJETe18pdS%7Ctkp%3ABk9SR-zV69e8ZA,4 GB,64 GB,Dual SIM (SIM + eSIM),Apple iPhone 12,6.1 in
Apple iPhone 11 - 64GB 128GB 256GB - All Colors - Excellent Condition,$245.00,40 product ratings,https://www.ebay.com/itm/284788621781?_skw=phone&epid=9034209104&hash=item424eb981d5:g:4f8AAOSw0IVidaHD&itmprp=enc%3AAQAJAAAAwHoV3kP08IDx%2BKZ9MfhVJKlepkWwoZx8sLeNT%2FO4%2B2DyH5NVlVDbwF%2FxmOCaZvSJixFI54quZEQcYtiFB%2FKqPUCF0YyQ7ceKeI2MZFgnyBj0zL6W%2Bn1rqgBHt5y%2FN5JgnpWX9lFrfq0V9JfNFaQTGHYSems%2F7QuvQTs1%2Bd20AEAeq6Lm%2Fyvyra9oQL1HsM6quziRfOBlAKPzwKS4r7IRk9wOY0SCbkaUQ4cOtHyLHWcbpvvai1tDmX32vvoTQvfBBw%3D%3D%7Ctkp%3ABk9SR-7V69e8ZA,4 GB,-,Single SIM,Apple iPhone 11,6.1 in
Apple iPhone 11 - 64GB | 128GB (Unlocked) A2111 (CDMA + GSM) Smartphone,$279.95,40 product ratings,https://www.ebay.com/itm/266663137484?_skw=phone&epid=9034209104&hash=item3e165c90cc:g:nPEAAOSwV5BljcOD&itmprp=enc%3AAQAJAAAA4HoV3kP08IDx%2BKZ9MfhVJKmm8q%2F29ny1z3su2%2Fv5X2HBeH%2FDfum73MtjSg5AZT4fTGFWlj6ojMXW%2FiXCbcxusRdEvuQK1TTafXJL6PTLMzSwogueMoMqfPL%2Bcdd%2BzY2n1Uhf2JWx6O7n2pK%2BYckb7Oin7%2FIeIYpUX1R5E5B%2BUwGO2QWupFvqx1QLlHE05h455YsPq2lU%2FW%2BjlDrsrUixNQbYGU1xhq36Q%2FfcMlAvH3SXHZGi%2Fb%2FHqglA3JzgV%2FoeQiDXUK1WnWfDNRSwLTEQsi5lUi1JsRJY7HBH7fwkxkeD%7Ctkp%3ABFBM2JqG2Lxk,4 GB,-,Single SIM,Apple iPhone 11,6.1 in
Apple iPhone 12 64GB/128GB/256GB - ALL COLOURS - UNLOCKED - GOOD CONDITION,$390.42,31 product ratings,https://www.ebay.com/itm/166320461875?_skw=phone&epid=8041719754&hash=item26b978d833:g:hFkAAOSwVUdmOK9q&itmprp=enc%3AAQAJAAAA4HoV3kP08IDx%2BKZ9MfhVJKlkB538TnkNmGPmI44Wj9iXhz20zQvWWfFgm6cgwQrT4MoTQKccKQo9zpII6jjOxkhvAEvpq2S4jc85jtcyyv%2BgLAF6HaK8qALqd%2FDAy07NauNQEJ2Ss%2FIPcLH7q9D%2F4VJbv2WKzHYMzZuGTjrTrYtO1snfcrsnI9nEGogcEbR%2Fb0mEAPgjll6lwNQoY8yXJRyFjYla1q96aRowNT501evcOQ0ixFoST8l7FjKwsdfHY6yGpyM1%2FV2XgGeSeZEoZ%2BjXjMBQT1EPXasvCbIUBQWA%7Ctkp%3ABk9SR9iahti8ZA,4 GB,"64GB, 128GB, 256GB",-,Apple iPhone 12,6.1 in
"New ListingNEW, Factory Sealed Apple iPhone 14 Plus - 128 GB -  Unlocked - Black 14 +",$269.95,10 product ratings,https://www.ebay.com/itm/305777349540?_skw=phone&epid=26056267419&hash=item4731c013a4:g:jdkAAOSwVA1m4fZw&itmprp=enc%3AAQAJAAAAwHoV3kP08IDx%2BKZ9MfhVJKmd31AeXekVE360W%2FSUgiOP5%2BcugZIsO1Yg%2FPEQ8yHZUnhpfgpTzAaBycFiaAi7WM2hAGp46z9NyHbs98IdGQRbcfH%2BG8KyrCsr1QBdE28GxBV8k6ONUkGO75NiELYQg0BL5c8reO3njpYOkVgonlfYwMfQs49lmz%2FT7r7huyNwQzGa4Lv8pyreTz15mp9em1Thb3fj6bkWno20mKlSctNy01v19Gf7X%2FG80H2XrTzcew%3D%3D%7Ctkp%3ABk9SR9iahti8ZA,6 GB,128 GB,Single SIM,Apple iPhone 14 Plus,6.7 in
Apple iPhone 13 - 128 GB - White (Unlocked) working 100%,$349.99,-,https://www.ebay.com/itm/156376147882?_skw=phone&hash=item2468bea7aa:g:5IUAAOSweoNmu94S&itmprp=enc%3AAQAJAAAA4HoV3kP08IDx%2BKZ9MfhVJKlU0vnCHhdYPgu08tGwdcQMlot1G38oiTvjjs2urwCo2morWo6QuF3LMKe5yAvibR%2Fb5kXlHXFCYv7ShyHLPXYDKmR0gYvM6OZVM5o1%2FumDOQYxIN9iPUuNw9eCBqsL7aWBhiuuKo7DMxoOis4SUbfF48VaCx%2BfSVYyP9geNwLb3eOpTnNy2liwEG3rY6y%2FgMDbMMsUw%2Bddb1pGdR1nK0BqZD4R2PhG%2Fvh5%2Fcc5zcc7vUgTwsgilkUNtvFGBNobq8Zj7w2g9ZiUkVHRP%2BTFUIMp%7Ctkp%3ABk9SR9iahti8ZA,4 GB,128 GB,Dual SIM (SIM + eSIM),Apple iPhone 13,6.1 in
Apple iPhone 15 A2846 T-Mobile Only 128GB Black Good,$449.99,3 product ratings,https://www.ebay.com/itm/176452503381?_skw=phone&epid=27062765619&hash=item2915638755:g:440AAOSw75JmhDyX&itmprp=enc%3AAQAJAAAA4HoV3kP08IDx%2BKZ9MfhVJKkRw2rvdvw2DqHId1C9S5UHhOAaik%2BTkhaU3xkSdj396Blx0wVntaoMtAwPpltON%2FSMBxyxffXEy8pCeOF5Y4qt8M14fk8JNIfWGDgdjelJKN7SpAlKjgodOaXFp11wqLCu6kjW41iRJV0JlBxdOSuG2yuZRNByR%2BpLsnX8N3sMRI86c%2Fs1i5jtf9kLZKjOAqQ6o%2B5lvcOGcr%2BdRcGBsnS%2BLoJVjlso6NbYNIcjnwuAAg%2F3dARvAZrkMvW59%2FcvPtBD4SxToqHr85h7p%2FQCwYi8%7Ctkp%3ABk9SR9qahti8ZA,-,128 GB,-,Apple iPhone 15,-
Apple iPhone 12 64| 128 | 256GB - Fully Unlocked All Mobile Carriers - VERY GOOD,$325.00,33 product ratings,https://www.ebay.com/itm/126656772332?_skw=phone&epid=14053796604&hash=item1d7d54f8ec:g:yAMAAOSwscxmqqkL&itmprp=enc%3AAQAJAAAA4HoV3kP08IDx%2BKZ9MfhVJKknElOyu9vMtAoqoqCKR0BsZKRq6X9b%2BodMS9vIKCHEi0c4%2BHKwybV5%2FBrlgJiMxhNgQ%2FwM7iMNAdMUu9ziy8w9sHBMdxApqUig65Xw0lRWqyvadKKZnUWE%2B%2FNN7xcIw%2BpU3tnwR0PlWPIC7z3e8nzMzc4m0G2wHJ4k6rzV7fKcU5x%2BRcx%2F7s0FBmfDDISsK7pVxLLhcCmvXagFe0z852lDlpNAetIt1oz8C1hN%2FdID8t12RHgXrwFYJeDSe6KdFOTgFczu09w%2BA%2BDF9og5KvAU%7Ctkp%3ABk9SR9qahti8ZA,4 GB,-,Single SIM,Apple iPhone 12,6.1 in
Apple iPhone 12 Pro Max - 128GB - Black,$284.95,-,https://www.ebay.com/itm/387373664788?_skw=phone&hash=item5a31450a14:g:TvIAAOSwDEdm31Lp&itmprp=enc%3AAQAJAAAA4HoV3kP08IDx%2BKZ9MfhVJKlwStOALeYfJEgf1wK1FMOos8TU9NONbAtAs3vGMTgT98DNtzJjFnEMoBxthWysiY2kWHAmv9YDU%2FKtFnF83hQzOR03tPfplXdc80OPGu2meDwgMaADitWCFf%2BUcPqpxNg4gnxVZS4%2FsQTHbvNsPK%2BHImDqTLEml%2Bo9sc51HfVVQMcIkdN7I5%2BGepT5jeUl1nlJuvjcuDYfuHKufab%2FhNoq0H60gDl8NJ0e3JSVMd6vtJk6qOFkp%2FU2vLlKAR%2F8blj9tySpH9qcfAtRcOZ%2FXF86%7Ctkp%3ABFBM2pqG2Lxk,-,-,-,Apple iPhone 12 Pro Max,-
Apple iPhone 12 - 64GB | 128GB - A2172 - (Unlocked) Verizon T-Mobile AT&T Metro,$265.00,6 product ratings,https://www.ebay.com/itm/266587210790?_skw=phone&epid=9057399342&hash=item3e11d60426:g:9AEAAOSwWslmdHfZ&itmprp=enc%3AAQAJAAAA4HoV3kP08IDx%2BKZ9MfhVJKnaVM5piCYidQGctoo%2BuFup1wocFyE2YexDGFzqA0BUqAWBqxH23cmt0ito4bh5xx1sqeoE5NKAagq%2FJMWe35sc7amFGjQz2SxRTadZS5ELxSjjnzGOp9LpWBxPJlN1V%2B4HNyWzDRdCnR937aSyAd3rGrVihVvfd%2FFAnMbRX6S7LWnfpDtzLax0n0%2FM0sHZudMapyBa62yXzxgqPEgSfAKiiTI2rMYMnTpULftiU%2BvQIgi01iQZAA9%2BVNvC%2BbH4BBlVkvGJVpwpD%2BRjpZkwDkqR%7Ctkp%3ABFBM2pqG2Lxk,4 GB,-,Dual SIM (SIM + eSIM),Apple iPhone 12,6.1 in
Apple iPhone 12 Pro Max-128GB-6.7 in HD Display FRONT 12MP REAR 12MP-Unlocked c1,$315.00,18 product ratings,https://www.ebay.com/itm/315687681823?_skw=phone&epid=20041718665&hash=item498073bf1f:g:cDIAAOSwNSVmxXtE&itmprp=enc%3AAQAJAAAA4HoV3kP08IDx%2BKZ9MfhVJKkckzmqZSPerDt8F9ABaEa75Gq2Hd9Eqmt23PCLcS8tQ4WhFovlZxcb1IaCCTB%2BAU03amo%2BsdvstZHShlgURyovzex5PJxCSdz3mQEAhZAZo4EGXPZchp%2BENafJoDa4qr7wBV6%2BWLJ74ty1j0YoJShBInSaBfDzZzjzR07FOQW2WIYmVvgSIWwUO1i8yPcskiwbOMsrI3tz3uYfcUl4%2FHfHb5dVv237P7CbfIS%2FLOv6MRwTAjf1f8PDTCFzPH7vMAaNehFm1%2BJXJmgdPFkN0J8n%7Ctkp%3ABFBM2pqG2Lxk,6 GB,128 GB,Single SIM,Apple iPhone 12 Pro Max,6.7 in
New Apple iPhone 11 - 64GB - White (Boost Mobile) A2111 (CDMA + GSM) Dual Sim,$399.95,3 product ratings,https://www.ebay.com/itm/115995206094?_skw=phone&epid=9034625721&hash=item1b01da61ce:g:oWAAAOSwUkRlaAe6&itmprp=enc%3AAQAJAAAAwHoV3kP08IDx%2BKZ9MfhVJKlOAZ7oSWhQXnZ9ND5wXr0qVHajQx%2BvuhBS3uUmy3f1PjG8VOP2gOJxFMI4zuVsNzLOrJbul9ZeauAWr5LdbUwY1B1d94sYy7j6TOlNMsri6Igy9jnOzJwbhlX3ueRB%2BW7U83RpSsdMnLugYMY3R5E7G2dFtttr9ZfEiF5oAfnmGjrktSDELM%2FlJ9wq3ykGpv%2FIYlV0upSULBWfHovpUUAAQf%2FW5MJ6NqyTTE83JSfmCw%3D%3D%7Ctkp%3ABk9SR9qahti8ZA,4 GB,64 GB,Dual SIM (SIM + eSIM),Apple iPhone 11,6.1 in
Apple iPhone 11 - 64GB - Black (Verizon) BRAND NEW!,$284.95,24 product ratings,https://www.ebay.com/itm/176560924730?_skw=phone&epid=27034209755&hash=item291bd9e83a:g:qFEAAOSw7jlm2awR&itmprp=enc%3AAQAJAAAA4HoV3kP08IDx%2BKZ9MfhVJKkNgzTzOBonKOFqMOZH2ax4yWyRcO7tZQG6PYwh7k9xOIecUpkm1%2FEBe5XJppjgxgF2Z6TmBIRMj0OjZdMcWrVUy78cnPnjSxKETrdD700cEyYBdY2v81wWLKrNVhiwwTuZLVvo5MkIl8Xbo9o6ftzSr5uAwbt5xUGOYxe6vnQTooyOdRhlpZ2KOZslWrVfi5yunCAhHcDF2uVJyLCFkkcEPKOh6n1E0oa1qivEGvKEJE7KDEz9UnqcC7SFoVxSRZashMDfPl%2Fgfbc6WrL3LvAf%7Ctkp%3ABk9SR9qahti8ZA,-,64 GB,-,Apple iPhone 11,6.1 in
Apple iPhone 12 64GB 128GB Unlocked Bundle with MagSafe - All Colors - Excellent,$779.95,-,https://www.ebay.com/itm/175916238822?_skw=phone&hash=item28f56cc7e6:g:YmIAAOSw65RlDgSx&itmprp=enc%3AAQAJAAAA4HoV3kP08IDx%2BKZ9MfhVJKnlSdTT%2B3C3egzCHJVJZvZhNKavQ1eKBTDra0tP7QDWwG0I2tfcRA7HytBEFzTMBY8VelrcYzKDnwU6ql2tEoqvFs87Ybr3exo6o6p74LxY2o3SpGaEatr73WgXGjJ8sU9U9Gbn%2BTBYbLgWuWKmVHqkpRNWoUMsG6Ir3enj9p%2FBGzTBEQx834cr9WIsaEAuRyWPffhGaZqjd4%2FBkX8pHGIeOIT8Nh6dpZyFg%2FztH48kM0Iz%2BaXqGORre823wm6vz68HU81KPmnuifzzzoL58SFQ%7Ctkp%3ABk9SR9qahti8ZA,4 GB,128 GB,Single SIM,Apple iPhone 12,6.1 in
Apple iPhone 11 - 64 GB - Green (Unlocked) - Very Good - 88% Battery Original,$399.95,61 product ratings,https://www.ebay.com/itm/395667336062?_skw=phone&epid=28034216882&hash=item5c1f9c6b7e:g:u8EAAOSwqrhm37Zd&itmprp=enc%3AAQAJAAAAwHoV3kP08IDx%2BKZ9MfhVJKl%2BFGCCeKW2j1OaCtlI4FxOwPlhno%2Ba7l4i6S3QzXlHeYomuOFXuNJKyNF2HBWEpqdZKWwQHwMPijMm0D4gfX%2BmU5KG0rUOfplL%2Bo%2Ft98TGkLnYr3PHvkGoeRucdIH1NuVEbeAduM2gjqGbD5QTVg0drbBytiSg0nK0zCW7tLfMuYpxgE8VA222QjCLAAvVg4Y6nagrCDnWw0ypDbt44NoWNJ6mYHFgNEfeaU8bTDhUGA%3D%3D%7Ctkp%3ABk9SR9qahti8ZA,4 GB,64 GB,-,Apple iPhone 11,6.1 in
FMI OFF - FOR PARTS - Apple iPhone 14 Pro - 512 GB - Silver (Unlocked),$445.00,3 product ratings,https://www.ebay.com/itm/375633093622?_skw=phone&epid=8056260145&hash=item57757a23f6:g:TWwAAOSw941m2rQz&itmprp=enc%3AAQAJAAAA4HoV3kP08IDx%2BKZ9MfhVJKmwIAzokrIq%2B%2F5fGnjpeyhPttbIYHwogrvIJ%2FXoW3m%2FCvM%2FI5kfJ1J44uqL9WwrqCqIWfCcOwk4l1GEhtWyrLOt6Vanb98mBjOLH%2F8OsC7eshPsrqcD68fRb41YerRuLhbxRooqIMPn%2Fi2SMJ%2FPjiyDiSX0eoQJ6B4y5JMyZuf2SnSPWhJFnUZds34iRB8kRLVsPtdeuxt6NTYTqEgvX%2F4yVwScLzwKvLgyJTL2PDdC4Be54QTF7lO8DnKtDeXHs92yS2JQpHMX6nGTfDK8LHFZ%7Ctkp%3ABFBM3JqG2Lxk,6 GB,512 GB,Single SIM,Apple iPhone 14 Pro,6.1 in
"Apple iPhone 12 Mini 5.4"" 64/128/256GB Factory Unlocked (Any Carrier)",$229.95,3 product ratings,https://www.ebay.com/itm/225599115540?_skw=phone&epid=2336047301&hash=item3486c15114:g:V2UAAOSwXZphKX2x&itmprp=enc%3AAQAJAAAAwHoV3kP08IDx%2BKZ9MfhVJKkilchlZBwA4BtTxH7W25fATq7z6SrELT6vky7e1zWHUtV1HM3Xz1QCY0vxJW5h5Mjpu4qWl%2FACK9IQzOyfdrRxd2%2Fos2xTwbH0WrXJPT%2BAVAvJ1VA1WDltiBnzoWj5PoZB2Q8FPqMs9P9T4wWUZj0Gi5N50IhNCbq7uSxaSdOOfHnVqTI%2BbZT%2BsmdxnqNO3USazDBNI4GbojMWO8WEL71gs3BghP36Nkk8ijaH75s3lg%3D%3D%7Ctkp%3ABk9SR9yahti8ZA,-,-,-,Apple iPhone 12 mini,5.4 in
New ListingiPhone 11 pro max 256gb iOS 15.4.1 Jailbroken Dopamine,$374.99,-,https://www.ebay.com/itm/135242762777?_skw=phone&hash=item1f7d18ca19:g:ujUAAOSw0bBm13VI&itmprp=enc%3AAQAJAAAAwHoV3kP08IDx%2BKZ9MfhVJKlJKF9h4FjSauDFBtYUcgCT0xshK5S4NsoSX0JqEAWf4pOx2myTJ%2BF%2F3PVbjNCQ8AcsWnRza6%2Fi0FBd9%2BTxzGeXlecr4kqiCN1qzQklxXkh%2FJbhhcKgBb80BPhwxlpCpvhgxGda7LAdD%2B6kDPzno%2Fepi3TPmoO44eyWiL65XyFul7R56G7ABOqqOeu8wZZmuLn2RPy%2FQawL82c2b5LgIDBGFq9A8o09NxwAg0y1SMKqxA%3D%3D%7Ctkp%3ABk9SR96ahti8ZA,-,-,-,Apple iPhone 11 Pro Max,-
Apple iPhone 12 128GB (GSM+CDMA) Fully Unlocked (5G) - White,$255.00,5 product ratings,https://www.ebay.com/itm/375541092743?_skw=phone&epid=17041715727&hash=item576ffe5187:g:lxAAAOSwVxJmltM8&itmprp=enc%3AAQAJAAAAwHoV3kP08IDx%2BKZ9MfhVJKkPkwh2uC1AfNjjAo4%2FHBQTS0ab3kHLQBmkKRq2QchXxlv91x4yt2QvIoElNkLJccyigiE4LXZ7xgbUhYa8Y4s54apvUO1E04B9cYq7zaAewV2zLgguk8eCiMobUnAV3sPRCOvJRiBfKB6pU%2BSC09a7pNgG2BF%2FT0BrZVhiEPRUBijpR1oE5R3rtgJG2H7N4L%2Ft0D6s%2Fm2T3cNFrHXVi9RgiRHZconQjXkvQtmbJPW%2B7A%3D%3D%7Ctkp%3ABk9SR96ahti8ZA,4 GB,128 GB,Dual SIM (SIM + eSIM),Apple iPhone 12,6.1 in
New ListingApple iPhone 14 Pro - 256 GB - Black (Unlocked),$419.99,15 product ratings,https://www.ebay.com/itm/266986455735?_skw=phone&epid=5056262890&hash=item3e29a202b7:g:Q9AAAOSwAMpm4aIH&itmprp=enc%3AAQAJAAAAwHoV3kP08IDx%2BKZ9MfhVJKm34im0Fp51AsyncRPi6%2F5u7BLyENhf29nPACrSyB2CN%2Bz3aoYN4ri2Gr92GR2JyK5kgvnE%2Fpmqb92AZ8QVQF8Uk0fp7XGs%2BKnqQr6zKIdouGwH%2BfqY6pB4lHWNU3XF4LcvuaSneGBsqGmVSHsRMMX1HX1%2Bvylgi%2BnHIQXm90r6F5szJorD0o1B%2BJ8PSuGwaa17MfygIebjLgaRBzf46BhYYwdTr2slbz9vgzdgMNnkgg%3D%3D%7Ctkp%3ABk9SR96ahti8ZA,6 GB,256 GB,Single SIM,Apple iPhone 14 Pro,6.1 in
Apple iPhone 14 Plus 128GB ATT Carrier Exclusive A2632 Midnight New Sealed,$282.19,10 product ratings,https://www.ebay.com/itm/196625255660?_skw=phone&epid=26056267419&hash=item2dc7c74cec:g:jZoAAOSwXBlm0PhP&itmprp=enc%3AAQAJAAAAwHoV3kP08IDx%2BKZ9MfhVJKnqhiu2j4vd7LlWcVKUcZkvZsZ6okK6ADjjMm7JEIIvz88IEWoi%2Fu4fRqHDtRoc%2Bn%2BB1Fe0RdFc1uJdrEf86Kyzw--4otUnBwRRVJGr10lUodgoH%2F0uefMTajXA%2Fk3zdxv9kia0rIUDFrLxJB4Wgrk1GhD5y8AA82l9qnfMbAR16fVGdO3vGLca8zuESu%2FoONOFE%2B4ugRzTY8PVsIBS16t5WDoA0AJRPTl4v55860ciGg%3D%3D%7Ctkp%3ABk9SR96ahti8ZA,6 GB,128 GB,Single SIM,Apple iPhone 14 Plus,6.7 in
New ListingApple iPhone 11 - 64 GB - Black (Straight Talk),$169.95,7 product ratings,https://www.ebay.com/itm/226346555910?_skw=phone&epid=12064989149&hash=item34b34e5a06:g:QjYAAOSwDPFm4iPQ&itmprp=enc%3AAQAJAAAA4HoV3kP08IDx%2BKZ9MfhVJKlrFHtpH96rJg1RXfx4SQ7wbe5wZ2WGUaFCvQFdzICxpCTPSS%2BHC6uQGefK%2FA%2F9KB1May2rlSAIaF3KzW0Mr3AKRFCKqCICZhyOUxaC0dzthu3ipUOfiq4DSsfPYWjs6sW15yA68fhMhb4xoax8oGBraD9Z0Wl%2FlyhWNiGPNZp%2BuJXJbtn2VpZb7--iFfJ1Wauui2IczN21bySYCX0b4zZWTL8DvmJSOsb56qO2z7hmDF%2F13XlDbmGZY6wwsiDD6eaYh62n4qz3X0CJc%2FO%2FjWF3%7Ctkp%3ABk9SR96ahti8ZA,4 GB,64 GB,Dual SIM (SIM + eSIM),Apple iPhone 11,6.1 in
New ListingApple iPhone 11 Pro MAX 64GB Green A2161 For Parts Only # Control 343,$85,-,https://www.ebay.com/itm/305777660185?_skw=phone&hash=item4731c4d119:g:hI0AAOSwM89mzjFM&itmprp=enc%3AAQAJAAAAwHoV3kP08IDx%2BKZ9MfhVJKkYROgRumCy5y87gdQoxYc%2FdqXX4W39gD1xvNumOxVQMgknqzKvbvMjBhm8OlKskOvMQPTp2YuzKFsXFaOxUgeFMK3rPGeEjRrKQ59Aow6D7MpqzOTiBvTO%2B2kDiciSha6OMylS3OOozDuubfYWYxuUsQnN2JwanQECf%2FPvCQXLxWBaxUOwQcajuTrwMIgx4vhR4%2Fbwv%2FgRMrUXm3DozlMpxMKGRwEi6KWXQAamwlMYbA%3D%3D%7Ctkp%3ABk9SR96ahti8ZA,4 GB,64 GB,Dual SIM (SIM + eSIM),Apple iPhone 11 Pro Max,6.5 in
"Apple iPhone 13 Mini 5G 5.4"" 128GB 256GB 512GB Factory Unlocked (Any Carrier)",$449.99,14 product ratings,https://www.ebay.com/itm/354120475504?_skw=phone&epid=10049287400&hash=item527339a370:g:Th8AAOSwf09isXPI&itmprp=enc%3AAQAJAAAA4HoV3kP08IDx%2BKZ9MfhVJKm71qv38Eu1NWUkXeUVz8S6o0Lcwtq1dv4%2BV6Yq8m5fwGzQTJKdzqq58xhzvyNqK42o253O%2Fmql5xH07ZwAPapRy032%2B9svvzstGCd986QRSQRLjnA1lZz4wb5qxCMs4m8lyI%2BAlfDi79OCP2W93G%2BaNTELvXaJWsRjp09ODHlOCVdkNk9Lzq007jVHu8Vzb3F8G8yW%2B2YzuJiAInZcKT9dE67oBu9Q6T18DVqvlGX43f8fBU6REwfhI0dhnXOoT%2Fh%2B8Hq%2Fmsz4toviJVkxgxuU%7Ctkp%3ABk9SR-Cahti8ZA,-,-,-,Apple iPhone 13 mini,5.4 in
"New ListingApple iPhone 12 128GB A2172 6.1"" Color Blue Repair Or Parts # Control 132",$325.00,-,https://www.ebay.com/itm/305777490151?_skw=phone&hash=item4731c238e7:g:fuIAAOSwCExmdxun&itmprp=enc%3AAQAJAAAA4HoV3kP08IDx%2BKZ9MfhVJKnlI3IsNiX2dRlJ%2FcmepZfnnRE%2Fcu5dAttQ%2FqNQCLSNzzHXbwfUqxRMs0R0%2BiuhoeeCgNIzvbNyGg9WCbGj2Qf4hsAMwLO%2B%2BKVXrWMUlk5tYx4cujRrZs%2B9JQCnnODwOJX6hdnGMIVv%2FLIMcAk%2BHNDjUJb%2B91AHisVK22K8TiZWnCub7Cp39RD42qWRbJRbc%2B5HI0a67x6i0q4G1276g6KYYu6Jprz9txMK25DNuTHgj%2F5%2FPjgVyMwl3tQ1y%2FyNPtZCd4J6Li3N0yNQjYZF43aY%7Ctkp%3ABk9SR-Cahti8ZA,-,128 GB,Dual SIM (SIM + eSIM),Apple iPhone 12,6.1 in
Apple iPhone 12 Pro 128GB GSM/CDMA Unlocked - Graphite - Motherboard Damage Read,$284.95,36 product ratings,https://www.ebay.com/itm/126666974905?_skw=phone&epid=8041719718&hash=item1d7df0a6b9:g:KgAAAOSwGxxm37mv&itmprp=enc%3AAQAJAAAAwHoV3kP08IDx%2BKZ9MfhVJKkEhSGCJCoUnlhp%2BjsSEGQo3UxsPvt5vrMRjlaIJEdTqSuCGZdGtbye8c9AcC3StPtn790%2FCxHn7Nd2AlrUgI8bN6mrPXgucvVG1GN6ieBJ8xTWu79xAU%2FWOa5HJZMAZ456NQsC%2FnuGDji7VSSJD4V5Aaos9EMLiCydfhLU%2FZilANYtgneAe3GAaplNbUKpGlM2zcrRIsrFoD2sszB0pxbyF1iL95DydmCd6yHlZUsqIA%3D%3D%7Ctkp%3ABk9SR-Cahti8ZA,6 GB,128 GB,Dual SIM (SIM + eSIM),Apple iPhone 12 Pro,6.1 in
Apple iPhone 12 - 64GB 128GB 256GB - All Colors - Excellent Condition,$265.00,32 product ratings,https://www.ebay.com/itm/275722485841?_skw=phone&epid=12041705164&hash=item4032574051:g:KK8AAOSwg4FiawAp&itmprp=enc%3AAQAJAAAAwHoV3kP08IDx%2BKZ9MfhVJKnbMa9dICgGBNT8dzyqyZky7J1oditBuPk0gra9gmufcD11WHmVuBHOYMWNsw16SCpfZt2E7AzT6ycWEOCbwiIaGMUvCsOLFTMC4%2FxpYj8GFoX2hqBG44qTzpuoA6iFaljRtVRyISe1EGIyf1ScdURDGAIzz%2B5X4a6QWl6I%2FWO8pSg3BFuhfIR52Kcj7oG5ASPAFY%2FOkx5WxRTs2exJXNbw4YPV4RVLXCzOwCYoFmsk3w%3D%3D%7Ctkp%3ABk9SR-Cahti8ZA,4 GB,-,Dual SIM (SIM + eSIM),Apple iPhone 12,6.1 in
Apple Iphone 11 Black 64 GB   BRAND NEW & SEALED,$315.00,74 product ratings,https://www.ebay.com/itm/204982727597?_skw=phone&epid=18043621274&hash=item2fb9ec33ad:g:c9gAAOSwV4Jm3auw&itmprp=enc%3AAQAJAAAA4HoV3kP08IDx%2BKZ9MfhVJKmmb7IZhj5xWivQzu6DPi9fUx8mziLEGi8jxrxlGg8yaM1Y5PAnqSxcARHUxnlq9ZX6fHM6w3uesoxQSLc1dmJfurS%2FF63B2cl8WlC66mdAAJkKyS7Ayc76mVDRVJj6Tbr%2FvR12qFRJxOJcgjIjNtoXUDYa%2FAqiOx36GZeOjv4hik5jhwqNaMXgjviF4KLGwCv5ZwhPFn9XY9JL2BVeNFYnouzD2rnR1wWSbrH75HDdNe%2BTRvXlsPNA5FQHXA3AzoecHaonSA7RNGfpmdZuct0g%7Ctkp%3ABk9SR-Cahti8ZA,-,64 GB,-,Apple iPhone 11,-
Apple iPhone 11 - 64 GB - White (Unlocked) (CA) Ios 14.8.1,$399.95,39 product ratings,https://www.ebay.com/itm/305764760098?_skw=phone&epid=10034217463&hash=item4730fffa22:g:JjQAAOSwUOFm18-A&itmprp=enc%3AAQAJAAAAwHoV3kP08IDx%2BKZ9MfhVJKkHHfztRTy1%2FfOL95z58ieeLUKkN8oSmFaSHXP0NfBuqUbvaqmpYpNjd50B9y8U%2B%2FBu9CIBmxx5aYg0002RmyqGgGOGQZtjE%2F18h9eruDFKcbF5u2loQIm%2BgWU8%2FiZ7PmSEdvYD1cKCnR15%2BlrZO%2BHDg%2BtlZW2DTb2AY8O7lS4biqwKKKAHNLXRTETztm6QAX0o9XocOCMOHFSXDJkRNfCdXZTmO58nSGG7%2FeL0eFtRWg%3D%3D%7Ctkp%3ABk9SR-Cahti8ZA,4 GB,64 GB,-,Apple iPhone 11,6.1 in
New ListingApple iPhone 11 64GB Black (AT&T) A2111 CDMA + GSM New In Open Box Smartphone,$284.95,29 product ratings,https://www.ebay.com/itm/146019988551?_skw=phone&epid=8034218288&hash=item21ff783447:g:wxkAAOSwpQdm4fut&itmprp=enc%3AAQAJAAAAwHoV3kP08IDx%2BKZ9MfhVJKnxFKAl%2BwM4Z9jDwZXJtE9UkWa%2BhxAJVLNqEKavk4mA3cFdLgKMD%2FR%2FSDDFfGiutW5flU16cKO6idXEQwxUoxNeNs8ARL70fOfSvmW%2FWxdUo%2FA0KC6gFmzEiAbFM1kqNpw8AZYZcMT6WVwc9oID1DPCJWZRdh9EoYZI8HeLPvp%2B%2FL3fsQfuT%2F6sjRYoA8z%2Fjvh6NCDrJz%2Bhd9RFnlp1uM%2BIdBLUlWB04HypikpTZi%2B%2FrQ%3D%3D%7Ctkp%3ABk9SR-Cahti8ZA,-,64 GB,-,Apple iPhone 11,6.1 in
iPhone 13 - 128GB - Network Locked - Pre-Owned Very Good Condition,$779.95,-,https://www.ebay.com/itm/145699025662?_skw=phone&epid=11056674541&hash=item21ec56b2fe:g:NM4AAOSwDZxmCw8u&itmprp=enc%3AAQAJAAAA4HoV3kP08IDx%2BKZ9MfhVJKkeG4edgA7gNnSybaf2JlhQlExrJ2dJs4VnqKbTy711ny%2Bvc1xyGX5oQy3RIWx0lTYpUIZ2d--coeys%2BWi8i7Bs0%2B6m4lzanBDF8ev6Ftlw8WMC%2FeHUBPl5ZIyqw2nNapmE0%2F7aj2VQgfcyQjUyBUXV7NAXe6gdeWx4mHC2EDD6iQtxffCBI7cwIToGPBoXc100l251EFlH3wJYwbmLhXRruUPRyUtwXdShM6Nw8BF596RWX%2FJ5Pgz66ofJtepWZr9HViE%2B5oABpWZO4aj5EJ6I%7Ctkp%3ABk9SR-Cahti8ZA,-,-,Single SIM,Apple iPhone 13,-
IPhone 11 64 Gb (FOR PARTS ONLY),$399.95,-,https://www.ebay.com/itm/126667955402?_skw=phone&hash=item1d7dff9cca:g:MmsAAOSwVsFm4JvM&itmprp=enc%3AAQAJAAAA4HoV3kP08IDx%2BKZ9MfhVJKk5%2B9Ljhfen6dIz3bkxRxdX3c4zrujZBS2IXEE8cVjl0vGOcQjd6MC4vbjq23f88ta9%2F3pzbsMQJ45OsVgnW3QcQzdeqhXAtybnb8rwA2fSiPaj%2B2GNKNNs7rzh3TIOAOEsx8idkxqhfUVdJ--G%2FlIsaKaLGEOgdc%2Bwr1enGskHGGWwFQspKhlFTjoaQdo7YyDLyMEhCZ5gTZliVINDzPZEo7XuGkUvreA%2FmSJlMZuVEcrv%2BA5TI6MqFS9YtCpxr0OqrRXua0daz4Gn7e50pkTp%7Ctkp%3ABk9SR-Cahti8ZA,-,64 GB,-,iPhone 11 A2111,-
Apple iPhone 15 Pro 256gb ( Unlocked) US E-Sim Version. Excellent,$445.00,2 product ratings,https://www.ebay.com/itm/166613095133?_skw=phone&epid=20062769703&hash=item26caea12dd:g:b8QAAOSwsndl2OuI&itmprp=enc%3AAQAJAAAA4HoV3kP08IDx%2BKZ9MfhVJKnFe%2BUlOWvDpusHMPIWAOM51y%2BtXA9iGhUEpHPaFqIgmpb9kRjuYbFeYqjVYm5jmDZSo9Md2U95rBoAJM29CpZlB0BsH4FkTLK%2F0hTKaXN6pi8eZjJ%2BHB5PbZEXFEhxohvH9pzXGzmyocGgM0AiT4saQAWFEvV9wV3rmZSfV0c9vnksX3m%2FB%2F7uWDkVKNL8e0EWeAVQv3m422sxMroClMTM8C4rCHxEfdypjVLTTycNNNNAepsbqUHW21kPyc1NGL5SKJjWyprFbD4S2tAL0ahy%7Ctkp%3ABFBM4tGg2Lxk,8 GB,256 GB,eSIM,Apple iPhone 15 Pro,6.1 in
Apple iPhone 15 Pro - 128GB - Blue Titanium (Unlocked),$229.95,1 product rating,https://www.ebay.com/itm/395665879925?_skw=phone&epid=25062756298&hash=item5c1f863375:g:WHgAAOSwVsFm3zZN&itmprp=enc%3AAQAJAAAAwHoV3kP08IDx%2BKZ9MfhVJKnUaFSpLO6en0Ru%2BhCufnpMMiUGYgjWw8HTGOp8jFIAdnpfPcvtqGzyZgvQbc4tZDhdop1Nk9G4VMioltPt4tjRPWyFtOfM0cOxMkgb25cU7sbgrDLrMhFyasPPl9UdnsUv9qaSB5Kuvf2YrF7LaptO3p7QEZ429uDo9CSyd8BoOpVH%2Bgn7Y9RCCuUSoLD5mxP62oLEiROB2ATY%2FM%2FKU0XCAPV7U4ef9xVED1FJRZwqdQ%3D%3D%7Ctkp%3ABk9SR-LRoNi8ZA,-,128 GB,-,Apple iPhone 15 Pro,6.1 in
Apple iPhone 11 - 64GB | 128GB A2111 (Unlocked CDMA + GSM) Smartphone Very Good,$374.99,40 product ratings,https://www.ebay.com/itm/186501287539?_skw=phone&epid=9034209104&hash=item2b6c57ce73:g:FqwAAOSwxNxlpupd&itmprp=enc%3AAQAJAAAA4HoV3kP08IDx%2BKZ9MfhVJKmuakFFLVtq6boYkL9YBJLULNvpirXbPEhW20nVuniSuPsCRjRYHkGbHdtOYOlmaxKn%2BDhh0txoppuJt4%2BAMzH0zftL4DL1km%2ByXPJoXa%2BINed72cyU1OkqlzEch96pvhNVQBN16oprWd%2FzVIer16DLGSupJzm92ukHA%2FEJnuxaCyZCUBIoHINxc8xQOjMeodExyXlN2OKlgo8bug0ZV4oCSvPsGMjEw%2BcyBVQ5wZTIN7GrMEbI3zKLoO1MRLi6KCSG44pMo1hu%2Bqzmiqz4lcnq%7Ctkp%3ABFBM4tGg2Lxk,4 GB,-,Single SIM,Apple iPhone 11,6.1 in
Apple iPhone 13 Unlocked â€“ All Sizes â€“ All Colours â€“ Good Condition Mobile,$255.00,35 product ratings,https://www.ebay.com/itm/226168778401?_skw=phone&epid=15049284953&hash=item34a8b5aea1:g:HMMAAOSw~Z9mVyue&itmprp=enc%3AAQAJAAAA4HoV3kP08IDx%2BKZ9MfhVJKl94OrOr1ZYQta2dy53ppgPNkkmlEGhakAmhMz6bzFCxQx9Bi7hpjQz5uoSexnYWl%2BDaZAZs%2F0uJ80sLbCusMZCqznjRro7zVhmvKxW%2FDXugGezMGKLTGY%2FHycdZe2XtmUE8WTFuwZGHzYVPvwdEJGLSeX%2F7g%2BkFWFvMjZ8WTViMCn4jYuwqnZBQ59tzgo%2FntPn9oB9mk45XZw9Cv9dzCbKYnj%2BFbsvXESlrW%2Bx6HQNy99aTuM%2B4S1hNT6c2yzgQqP9vO58BtSRoj50RyZib3Xb%7Ctkp%3ABFBM4tGg2Lxk,-,-,-,Apple iPhone 13,6.1 in
New Sealed Apple iPhone 12 Mini 64GB Black For Straight Talk/Total By Verizon,$419.99,7 product ratings,https://www.ebay.com/itm/126414711897?_skw=phone&epid=23044018019&hash=item1d6ee76c59:g:1oEAAOSwJ81lUQG1&itmprp=enc%3AAQAJAAAA4HoV3kP08IDx%2BKZ9MfhVJKlPiaVvs1FOgtr%2F2cyQHCdsubAPchJjxBWEb86lW4%2BcDFKGKlcR0yz9eKkRmdlCMKe%2FHczz%2BzgZI5s%2BPIKFOQQoC846AR4lhwrXgcT945cLBVw3EVlFU0%2B9hU4OJ6IGBjHpXc4VnKj%2BwY7lRIQk9QLYNQK0Ee7SftP%2BOe8bs7czA52lAY0NCMrp24yk0qs6kr1GSWbUb%2Bx7%2BJejoNHjIeazxIOGnn5QqTnBRhXPC%2Fh8f7e4DsW25vKNw1IyVhjow3hKfnPXAph%2FhwxzJH%2FG%2FYrF%7Ctkp%3ABFBM4tGg2Lxk,4 GB,64 GB,Single SIM,Apple iPhone 12 mini,6.1 in
IPhone 11 64 Gb (FOR PARTS ONLY),$282.19,-,https://www.ebay.com/itm/126667955402?_skw=phone&hash=item1d7dff9cca:g:MmsAAOSwVsFm4JvM&itmprp=enc%3AAQAJAAAAwHoV3kP08IDx%2BKZ9MfhVJKl37uywr%2FlT7ytV9A2iMJ1BiLh1GEwzeipA4ngRvlQXOm%2Fbt35smlLesNL9lbFSKLMwYgrSvU2MQ5ZVyveRPKfM%2BwmBiluAcXZ6NutzR1K0EeVNkYfb%2Fs7roTOt%2F9dJdzM5iy3A7h0IInjf1opY86SgK4hJW04tyUVVexcK%2FJDKt7U1hQhxzA9xVJu4J0LrI%2Bh7P1JkJaKlUdvVjApiZkd0z4fEUuE0GVBnhgHzu8Z8uw%3D%3D%7Ctkp%3ABk9SR-LRoNi8ZA,-,64 GB,-,iPhone 11 A2111,-
New ListingApple iPhone 11 64GB - (Purple) A2111,$103.5,-,https://www.ebay.com/itm/176570557171?_skw=phone&hash=item291c6ce2f3:g:cuwAAOSwyZhmwX6h&itmprp=enc%3AAQAJAAAA4HoV3kP08IDx%2BKZ9MfhVJKnZTDXcpSlhik7dy2VZG729oSVtgqfuQQmUhbM%2B%2F1yfkxfV1MWHNGWR9yoN6qH5HoeL1qqhdEwIKZlBxX1dKB6k19zDVCXhhO3Tek%2B3IH5zB7flkCQzGTJidCxqagbQ5k35xeVrIoYXln0K%2FbJ5zSPcpAwcb5ovpJExVfNz%2Fy6W8FIpr%2Bpeww7WrEqXA0Hz7jRDwVWUiY4x%2FDP45IzjG%2BzYapw7sr%2F1D2PgQyYDnMC4YpE6ncq5mW3Qc9EBQW5mJu5%2FlgidgliNQ9GaL8OUXebv%7Ctkp%3ABk9SR-LRoNi8ZA,4 GB,64 GB,-,Apple iPhone 11,6.1 in
Apple iPhone 13 - 128GB - Midnight (Verizon) - NEW OPEN BOX,$387,2 product ratings,https://www.ebay.com/itm/266617423600?_skw=phone&epid=12064989136&hash=item3e13a306f0:g:Li4AAOSwqbVlJ~Sh&itmprp=enc%3AAQAJAAAA4HoV3kP08IDx%2BKZ9MfhVJKkEVZIPhV3zusCdDgYA7WbaeobQLilGpTBGeLie2dn4Q6Xp%2FDaDRQcVdoIjurewy1FsDVTMEZ7O9uDKoI%2Fg5YnE6mNg0RQcACLVlzw2FJIXfx0%2BNjfeVQQE%2BL%2FYMfzcUB%2Bb9xNh4RnlJK5lo4OYjdmQrY41%2FeuueCeo9rTpfVokEavq0oo83Jm%2Fy6M1vKWB%2F8Kb1p%2FPTAK46MtkF7dhjxcHkxupl%2F63MhK8ck787%2FYftWGEJVCOMwMG1AkxjK1vPxSpiMtblK8RAD8yF5aIPP8L%7Ctkp%3ABk9SR-TRoNi8ZA,4 GB,128 GB,Dual SIM (SIM + eSIM),Apple iPhone 13,6.1 in
Apple iPhone 15 5G 128GB Original Smartphone BLACK Black -,$620.96,-,https://www.ebay.com/itm/356028649667?_skw=phone&hash=item52e4f610c3:g:v5MAAOSwMM5m3wOS&itmprp=enc%3AAQAJAAAAwHoV3kP08IDx%2BKZ9MfhVJKk40CUTuQrR1M5ky77DxzHK3EJwsxzKrO5f--TMCDQ%2F2ZK0gy%2FcabDM3fAkP%2BT0ED59jENWrhTo4I%2F3H%2B7hcemKbDMd0NzorQahZCZMt65pWLETwnWD3GJdM2kMErbsRk9rB490q0BNf3qlHy%2BSBBe2nIl7saLTVI49PtsgkVExicFmwccTw7W%2FtZkDHlm4I5e0hp9EGb2Ov2iwQ3KTyXWxLM8shWEx%2Fj0oH%2FnbrzO5vA%3D%3D%7Ctkp%3ABk9SR-TRoNi8ZA,6 GB,-,-,Apple iPhone 15,-
New Listingiphone 14 pro max,$770.7,-,https://www.ebay.com/itm/286055392041?_skw=phone&hash=item429a3ae329:g:skQAAOSwm1Rm4NUr&itmprp=enc%3AAQAJAAAAwHoV3kP08IDx%2BKZ9MfhVJKm%2BsZ3bfoEvHQ5NED2m9rer9yrWJe4xG4V0GYPByJYCadH7UrcAfTakdK3BvPm8lz0fC8WTdR3iWCjiKrXsw1OJngdE6YJo%2FMEost1PupiCODAQkyAvBZvRBimDCRimrSlv52ecs8YvjMfa8WwHCAisjG%2Bk6UBRwaso58Q6oIkCNnxZm0zHU3%2B71phDG0Y0qPNcnxef0EcmUzQB0AWtBHbbhorKDtbscVN1qJcnUwMKqA%3D%3D%7Ctkp%3ABk9SR-TRoNi8ZA,-,-,-,Apple iPhone 14 Pro Max,-
Apple iPhone 14 Pro Max - 256GB - Gold (pin Locked) Spares Faulty,$260.29,7 product ratings,https://www.ebay.com/itm/176569261614?_skw=phone&epid=14056251747&hash=item291c591e2e:g:5H8AAOSwNGxm4HJb&itmprp=enc%3AAQAJAAAA4HoV3kP08IDx%2BKZ9MfhVJKlOG5pBrtMi5q%2Fap4NnIN7XLHzx%2FZMg5m17UMp9EKd38THdZvQxHIRX0vSaYUdXKla2PdUcRlh3p%2B8OWT96oXWtmkJG5IAAOAIjq8fUM8LUW%2BVAbMR5VvcHoA833KMMjXQ2Xf28GkBw5J5EzuGICC6KAmg8R5sxSUpsTLWn6hgyW1pgy9Lk9TkKPDawuAWysDwyRFv3xQzq61abodwwut6BMUhXnQ9NGY4tgctjRcTiwBpTVnb%2FWe7Isl%2BJ%2FmlVPo1q2CIwHoQTbOOl%2FxKieeDN%7Ctkp%3ABk9SR-TRoNi8ZA,-,256 GB,-,Apple iPhone 14 Pro Max,6.7 in
Apple iPhone 12 64 | 128 | 256GB - Carrier Locked Mobile Carriers - VERY GOOD,$265.00,12 product ratings,https://www.ebay.com/itm/126646514173?_skw=phone&epid=18041714849&hash=item1d7cb871fd:g:yAMAAOSwscxmqqkL&itmprp=enc%3AAQAJAAAA4HoV3kP08IDx%2BKZ9MfhVJKmqxqdXgmuvs79YOVVjFQEKSZFUefbKpvkMR0592cgauonlteDCGQLbfjjC0NRy75ZDZ8ko%2FmQm53vHiFDh7SXpCYj3vxt94CemeGNra0rySAcAU4%2Fsf%2F4b1lwqr0DAv9P3WPpUBM8h%2F03MsDAPUqlm4FkvC6LatHiRuM7RPjFQidjsoiv2WGBMSssHRyZ%2Fj%2BbjgDiUm24YORCCxJH45Hj9GqIecLh6siqHDAq%2F3RSLf%2Ftn%2BzUhabeUJhIx7NVumoqqlFmddAehbQ7wQ8mHotyf%7Ctkp%3ABFBM5tGg2Lxk,4 GB,-,Single SIM,Apple iPhone 12,6.1 in
Apple iPhone 11 - 128 GB - Black (Unlocked),$315.00,74 product ratings,https://www.ebay.com/itm/335558792137?_skw=phone&epid=13034214281&hash=item4e20dcd3c9:g:FPgAAOSw2IRmwvwc&itmprp=enc%3AAQAJAAAAwHoV3kP08IDx%2BKZ9MfhVJKk6Y6dWUnFqYiAx61vrx8Xr9z60jbVJZjVIq4giHqFjDk%2Bg3lkolNbhm1%2F3oSlO0fQpG21TQ7PpG28juqJ2KwgTCSTNkiAu2ObVN66Y39BJ%2BQ343SDCQPlsE9kSE8TKgez0MyC5gomnMwJIqKBTE1dgla8BdhcYt7w5e7Xlziekt0uhr81U1H8PEPdt3vF3IFS6UpobRpAzPb32T7PwR4LK1EbCe2vumOMiqEVyYE%2BU%2FA%3D%3D%7Ctkp%3ABk9SR-bRoNi8ZA,4 GB,128 GB,-,Apple iPhone 11,6.1 in
Apple iPhone 13 - 128 GB - Midnight black t-mobile,$399.95,-,https://www.ebay.com/itm/286050584922?_skw=phone&hash=item4299f1895a:g:T-EAAOSw5kVmzlL7&itmprp=enc%3AAQAJAAAA4HoV3kP08IDx%2BKZ9MfhVJKkuh1C%2F33OY39SfWxzQ2JZYAZpPov5pZ4gJAJ%2FVy%2FqD5A0c5tVIxzc62i0umov9hgGuTVVj9wNHqK%2FGWE1jfs8%2FeObki9z4L%2BAWj%2F5FxE5Pt1ZiAXd0m2FzvJA%2FlXSWLld5GkIfzTB14FrNb7kP9WQqH7uK6cBMo%2FAm7Al7kQB8QtHcnCDYhovaqn2FsJkcUj3cNT3YJs2Fr7QCQRXTfYuxx%2FHgK7yBwx0YcVtjkId7vfE0XWOosIjflosQtEKN%2FKmRBCBG437hXKQRJy7fdeYk%7Ctkp%3ABk9SR-bRoNi8ZA,4 GB,128 GB,Dual SIM (SIM + eSIM),Apple iPhone 13,6.1 in
Apple iPhone 12 - 64GB 128GB 256GB - All Colors - Very Good Condition,$284.95,21 product ratings,https://www.ebay.com/itm/284798065110?_skw=phone&epid=19065004504&hash=item424f4999d6:g:KK8AAOSwg4FiawAp&itmprp=enc%3AAQAJAAAAwHoV3kP08IDx%2BKZ9MfhVJKlwRL37rsZ2jJUGQFK1M0YE1FNIr0m%2FjQtyat3mqHI7%2FSNDFYhN%2FiXyTrvKQtXCHnWMw7AfN6ll%2F0gfu85wumFXBMwEtWawweFHQ0qzSd2rvF5Vph1YdjWQt23Rjdk%2BODuRNg2Eb7A4lKPnM2lOjdE%2BmuFDNDlTkxi%2FA4GJ0X%2F3aWQ0RrpiDsxNhNAf6VUiicPHycGRevP3gwgrsfVQie4HbITQbEhGU1HQIypXKIBWmQ%3D%3D%7Ctkp%3ABk9SR-bRoNi8ZA,4 GB,-,Dual SIM (SIM + eSIM),Apple iPhone 12,6.1 in
New ListingApple iPhone 14 Pro Max - 256 GB - Black (Unlocked),$779.95,16 product ratings,https://www.ebay.com/itm/266986599325?_skw=phone&epid=6056270182&hash=item3e29a4339d:g:xXoAAOSwbexmtICe&itmprp=enc%3AAQAJAAAAwHoV3kP08IDx%2BKZ9MfhVJKn%2BE%2FcWEzaDd0g909a22wyby0Twh3P1zwvbgEUfKHwwBB80zkeJyEPopn4CPS06uKKml9GbYV7R38iL73AK5p4pDeIPoeeABUb0IXS%2B7d3w6lQCyBjgQIKfzrsaqlG0xrVhSGBugK3%2BvAq3NgzOeDnt8hZus23XL8qxWb5%2BcUZ%2FhSvuu6p6EjPm9KqOQoEYQILzJaAyJnxGhyy96VtghNJDKD55%2BV8u%2FLzX2DnA2T51ng%3D%3D%7Ctkp%3ABk9SR-bRoNi8ZA,6 GB,256 GB,eSIM,Apple iPhone 14 Pro Max,6.7 in
Apple iPhone 11 Pro Max - 64 GB - Green (tracfone / Straight Talk) Only,$399.95,5 product ratings,https://www.ebay.com/itm/296682347607?_skw=phone&epid=14035817375&hash=item4513a55c57:g:4rwAAOSwCnNmzM2n&itmprp=enc%3AAQAJAAAA4HoV3kP08IDx%2BKZ9MfhVJKnhw8M%2Fjo57F2r45x55FzKk1qTT0DZ%2BMeIT4SybBj8e%2BgyUydxhmmSROxXkIeKcKRRg40fDecsw3R%2FdHveaC41ZMLMcUdWqVbEAr7jHRXW1rPsTIGvUQbU30v4Wh%2F6jLTeghBYwwTnHeXg%2F1SqD1tZ%2F0KJ4UvgYiAkpM8TBbbIRZrWbXIDDZ444jmwrNPzuz8VwZ8JKT%2FBIsg%2FYxEtJBCqu%2FLRMGsCO6j7%2FnXElIFT2VHMKj37T9Lkdxr9OszJKNfcTc4WnxXk2OuCTLpjbpzVj%7Ctkp%3ABk9SR-bRoNi8ZA,4 GB,64 GB,Single SIM,Apple iPhone 11 Pro Max,6.5 in
New ListingApple iPhone 13 - 128 GB - Blue (Unlocked),$445.00,10 product ratings,https://www.ebay.com/itm/266986454312?_skw=phone&epid=6056697987&hash=item3e29a1fd28:g:VkkAAOSww~Rm4bpT&itmprp=enc%3AAQAJAAAAwHoV3kP08IDx%2BKZ9MfhVJKlFGGLKys1tLVD5YOp%2FAG%2BZ5n%2BCXwPvC3aKPJk%2BqrJAek5nG66KUMu0%2BYhVqk4oZ3Ec%2FCCCmm9QPK2F3yqEpV6TZ9BukNludiOJHBXgmwhkhR3zzqguSMXv5krxlKCay6mvDT%2Fq5hzVTwmFtdffGGDAh%2FLanKLCwWBPsRmG%2B61Cd6YaGrPb8rHqY3%2FFhCKtJkftBRhVCOvAJ96ZOTII5n%2BkQpcuFq1HrRTTQynoYbLwrw%3D%3D%7Ctkp%3ABk9SR-bRoNi8ZA,-,128 GB,-,Apple iPhone 13,6.1 in
New Sealed Apple iPhone 11 64GB Black For Straight Talk & Total By Verizon,$229.95,6 product ratings,https://www.ebay.com/itm/145641551353?_skw=phone&epid=21051512195&hash=item21e8e9b5f9:g:na4AAOSwEkxkNap1&itmprp=enc%3AAQAJAAAAwHoV3kP08IDx%2BKZ9MfhVJKno6gcfJ0JMmTWTquusbLw77qgrkB%2F6mPBQx4drcmWDUSNJcPvgv9hTCjSINse6VYLhkOpWojZqYv5hoWJXu4lvvqsku55rvhqo9yaqge5eFKL2bmtfj5dGI3nam365k7Mm0eOa7j%2BhUaXfM4B%2FqvXVHapLLp%2BFIdHIpOyH7xgp0B97xdIBE%2FnFSrSRdXtfKA4zWflURd4gRSXgqPvy8SBnyBjXUNVtgGfSVGvXKa4PXA%3D%3D%7Ctkp%3ABk9SR-bRoNi8ZA,4 GB,64 GB,Dual SIM (SIM + eSIM),Apple iPhone 11,6.1 in
Apple iPhone 15 Plus - 256 GB - Black (Unlocked),$374.99,1 product rating,https://www.ebay.com/itm/256633629127?_skw=phone&epid=8062766756&hash=item3bc08e69c7:g:PjYAAOSwBuRm36C1&itmprp=enc%3AAQAJAAAA4HoV3kP08IDx%2BKZ9MfhVJKlc6FyE9HmiTsRnTqyD7eeQnqpfHvF%2BrE9%2Fxy8ThGOioCNX08hFTopLBOjhip0f6%2F6nPnof2QbnTpPXmndEW060uOulZo0TjmCRzjVWdv0hUwTap6ApQOViu%2Fe1g022qj8BCTrYj%2BRfuIVNxk%2B2l9LgMifUqUn7Dz5qlNIRBSTDyvs%2BdZcE4anaEU18ZUK2Hc7AnfziVsOJZGL8%2FlKFgi2hz9bw2PV93UOAwiW3vXfO3YOYml5weTZ2q%2FWd%2FOkzs4ypGHUTS0162tAUzvYrSRv%2B%7Ctkp%3ABk9SR-jRoNi8ZA,6 GB,256 GB,Single SIM,Apple iPhone 15 Plus,6.7 in
Apple iPhone 13 - 128GB | 256GB - (Unlocked) AT&T Verizon T-Mobile Cricket Metro,$255.00,-,https://www.ebay.com/itm/256582853213?_skw=phone&epid=22065002168&hash=item3bbd87a25d:g:HtoAAOSwXFFmoolD&itmprp=enc%3AAQAJAAAA4HoV3kP08IDx%2BKZ9MfhVJKkMB9RfCWLrhsnIjvmdN0gjJno6dqhe3UOFlQFjUnYo3wXs%2FCMFv1gY6AbsZClO%2BKgENAuqGeP2Hov92pWLsfhi0NBnY1oDMuwYRst877z%2BTuZfWGknpYnjeeQUJCl19scB3KlaIPmOE8wTKIHCyh7YsMDgnx6Zz8jsSdJPlz5UADi0KK%2FVeE0UagVUj2TY6a7K4QH62XwEbbuAgSPirCBngy4j4Lsyss9oQr5Dwb6lH%2ByIflJ8I1LpTDENwzxmMMnq7vEaxwCi%2BwNpsKh4Vz0c%7Ctkp%3ABk9SR-jRoNi8ZA,4 GB,-,Dual SIM (SIM + eSIM),Apple iPhone 13,6.1 in
Apple iPhone 15 Pro 1TB ( Unlocked) US E-Sim Version. Excellent,$419.99,-,https://www.ebay.com/itm/186408364171?_skw=phone&epid=11062756608&hash=item2b66cde88b:g:b8QAAOSwsndl2OuI&itmprp=enc%3AAQAJAAAA4HoV3kP08IDx%2BKZ9MfhVJKlasGDblr8i6vlve41cu1hpc3G21cbf5mIFfEvROv5Diq15LZeYphi11HWcQxGVEEj47WTdP2CNB3Pu3nVmz%2FhuI9SLYYuXkJ4NlPjAa3R9hSF8o%2BVvR4cxmCdEBv9N6HITZ%2FDUDVQaaBD38WA%2BEwNfximeVd%2FeawAnFW%2B5QmJqrYBwwbvmOcqJnDct1ggl2GDPI6Fuaz3YXbsuz60w3cGrkFfh77IZdhH2LJ%2Be07O7WaT8H1IiLYbaAFaoS6viJZj5FMYHsJk139%2Bob0D8cGz6%7Ctkp%3ABk9SR-jRoNi8ZA,8 GB,1 TB,eSIM,Apple iPhone 15 Pro,6.1 in
Apple iPhone 11 Purple - 128GB (Unlocked) iOS 15,$282.19,-,https://www.ebay.com/itm/387375226505?_skw=phone&hash=item5a315cde89:g:-G4AAOSwEGhmz84H&itmprp=enc%3AAQAJAAAA4HoV3kP08IDx%2BKZ9MfhVJKnZRRPDh4ZscId%2Flf%2ByJoyPwX5WQkxCCUi2jvSaJ8KxqyqQR9I4rVXMIGaT3GYX6cB0AJrl7aAqpVzv1A4BmZNncbujTxtx7GxuxC8EzjE70IPiK6le4%2F%2BXY%2FGQ%2F1BOSMekFGISeEHgmeafvCN3QLg8U9PrXZiJ%2Br98%2FOwnB86O1hIu2Ngl1wLD%2BRWTwqVXDlCcJXyiPeCw72e2jPd6dbBzJPuuGlJHqWxe7Hk9AWZ8Vg%2FSWmXPRCoxHZu8%2F1tOVSUGs7sKAfuoeXLlBGaNG8Eu%7Ctkp%3ABk9SR-jRoNi8ZA,-,128 GB,-,Apple iPhone 11,6.1 in
Apple iPhone 12 - 64 GB - Black (Unlocked) - MGH63LL/A - Excellent,$317.95,21 product ratings,https://www.ebay.com/itm/226316478748?_skw=phone&epid=19065004504&hash=item34b183691c:g:S1oAAOSwIuJmzSXV&itmprp=enc%3AAQAJAAAA4HoV3kP08IDx%2BKZ9MfhVJKkJED2w9hn1iHzCePJ7T2qBT2vOhDN%2FSdJycKP%2BPG0SmighMBYd0MUNri5N9nmcLdQVFNnihYcsxc8lRw4WK9IVpcVaiaTA0xRHKQXMTvLW2sdg%2FJj4uuSHDvKuKuGE7RiaWtBoCYXl7CvmUoT0SIqyhgEPQXCsvuSYIqaydxITRRjLPbvbtl%2FxQZ1rw7mkgANLUVF9WiBCYMqMlCZLxba3KgZI2%2BKATux63W5nwS98f7BM7YjWedfZFEyM%2Fn5WlklN6wppyMRhcmffEYTs7YKZ%7Ctkp%3ABk9SR-jRoNi8ZA,-,64 GB,-,Apple iPhone 12,6.1 in
Apple iPhone 13 - 128 GB - Blue (Unlocked),$175,8 product ratings,https://www.ebay.com/itm/387376774542?_skw=phone&epid=4056433567&hash=item5a31747d8e:g:sYcAAOSwmJxmz5Jq&itmprp=enc%3AAQAJAAAAwHoV3kP08IDx%2BKZ9MfhVJKmidLBXDTSsYBIgZXCkU8%2BJqfK79tU3wisPFxqgLg%2BSxzpefWN44xjj9eNhBFRtY%2FdHxlN1nnzuH3Zxp24QJYpe5WBmcJIJ1To%2BKMqNVQvVWMyexOqnJm5w%2Frmqavhvx1UK%2FBReCSnJs%2FRLO7KahoKr7qgaxRbMiBXDXKazv8tvOhVRkxwdlHf%2Fkif2h0LIjMCLYxIKfAl85OV5z8g3aKIuErUn92%2FXPClSGOqBpkzmQg%3D%3D%7Ctkp%3ABk9SR-jRoNi8ZA,4 GB,128 GB,-,Apple iPhone 13,6.1 in
Apple iPhone 13 (5G) - 512GB  Pink FOR PARTS ONLY Not Working,$52,1 product rating,https://www.ebay.com/itm/395668095311?_skw=phone&epid=22049282511&hash=item5c1fa8014f:g:ADMAAOSwP3Vm3~UQ&itmprp=enc%3AAQAJAAAA4HoV3kP08IDx%2BKZ9MfhVJKluZ6ww%2B6tMtAekkBykiPmcTWKeL7x0KAt2prgO2L2lV4pzc6UaVlq30ObO%2B6V2TROSDSo6GW6cDIf6DZrMntNsgp5xJ2MtZJdjs1oCgzQXZjEA15rd9xQL%2BctFbO%2B%2B%2BI0oNTVIHDkbbv3pI4W1zDFW%2BHnNdBsrdVUdUw3Kb7uykHqlP%2F%2BIKkud%2BcJKssu1Xtqd6LSzWNDJtOb26GxOWRGyCsUhJxcv1%2BJ8htGfEG1hT6Q1H%2BF65n2mEPs6vP3F%2FOm%2FBuWwiQ8MgpR47aQ5tDME%7Ctkp%3ABk9SR-jRoNi8ZA,4 GB,512 GB,Dual SIM (SIM + eSIM),Apple iPhone 13,6.1 in
Apple iPhone 12 64GB 5G Black (AT&T UNLOCKED) Smartphone NEW OTHER SEALED BOX,$303.88,16 product ratings,https://www.ebay.com/itm/225864573202?_skw=phone&epid=13041717128&hash=item349693e112:g:IBMAAOSwZKllTUVv&itmprp=enc%3AAQAJAAAA4HoV3kP08IDx%2BKZ9MfhVJKnoFxhEDNtDuKvr9YO%2B0aSlNkhsmtWGV0MSCHUJ--2iP3UFrYO5UKCHIziWbN8q3OztY3Ierta0wykbjvXLzzJDqtuNV97Eg82yjR9x9N7gIo02mNKn1ze1gSmXtUdsDctotZfsZOIwYA%2F5ynCFJeqY9KKCrge2g%2BtbqQmnhi1HnZwtSKVPemzJ%2BcR8eEQ8wfWN%2Br102xtt%2FgNLpkTZDIZSAOg6E1DyXBouYU1BLKnmFc91Y50UAJOXC9R%2FjvziDj2exzB%2BKG%2FjCha1%2F2KXaZRn%7Ctkp%3ABk9SR-jRoNi8ZA,4 GB,64 GB,Dual SIM (SIM + eSIM),Apple iPhone 12,6.1 in
NEW Sealed Unlocked Apple iPhone 14 A2649 128GB Yellow Apple Warranty!,$520,1 product rating,https://www.ebay.com/itm/166952570604?_skw=phone&epid=20059238253&hash=item26df260eec:g:mJ4AAOSwCdxm1ymh&itmprp=enc%3AAQAJAAAA4HoV3kP08IDx%2BKZ9MfhVJKkNbLbsThoghWRYKDbPpA1kczc%2BbiTOUzLwykNOIW2KBUwLr9TxXIbze4uc28PISwDha8eVTaFLEyQ0kXEaSNrqO1dsq0ybTcZ%2FCvm5VMJuGbzQFMctmThlNVQBSUsOHVFwZ4E4MMfmdZlHtdfogr8xRcQC2tj0TvrCQvSLvVhk7DuoHVZ93qcybXEmCIu%2BIOfjwEKvNX8W7da8Fx9dvY%2B3uib1%2B3IicMhRr4CVGVCQnjYWut%2BX2ybvMwJx6YS%2BAQ649Ny4Lz4%2FI9hSLzoM41Ti%7Ctkp%3ABk9SR-rRoNi8ZA,6 GB,128 GB,Single SIM,Apple iPhone 14,6.1 in
New ListingApple iPhone 15 pro 128 gb - black titanium,$780.87,-,https://www.ebay.com/itm/326266709077?_skw=phone&hash=item4bf702e455:g:WX8AAOSwNcRm4qeR&itmprp=enc%3AAQAJAAAA4HoV3kP08IDx%2BKZ9MfhVJKnjJ3nUaI7fQg4mML9nQiH9fCGfjqz0Qd7NaPviCixVOG67hB1b3vl%2BsEjYhnDwTaGCEy6wS%2BFrb3RuoFHy2j6FCB10ySTdux%2FaL2GJ2Vkm0UYba2ISerrNo5dr6msW7P86P8gp4lRzu2J%2F0NNV9NNGiK%2FqTQnF64CY%2B96P6o7DBIaD4hEOouLco3Kg1Dn%2Fa13g3OIp0K%2B9PGFSQlSTbtMwqPSUuUSaiaudVfBT2Dqi3iPbuICefqA01ZADLjbIUipiXOk2YmnkQg4sftpFnQXx%7Ctkp%3ABk9SR-rRoNi8ZA,-,128 GB,-,Apple iPhone 15 Pro,-
Apple iPhone 11 - 64GB 128GB - Unlocked Verizon AT&T Cricket T-Mobile - Good!,$284.95,7 product ratings,https://www.ebay.com/itm/276082722823?_skw=phone&epid=7034636144&hash=item4047d00807:g:MSwAAOSw-WNlHbL8&itmprp=enc%3AAQAJAAAA4HoV3kP08IDx%2BKZ9MfhVJKltwiPCiADIQjJBDSrPZpirtgzlMgalLT61i017lLmP9LFFMyF4LdeoOrfYpWsPifCUcRVNU00nrmi9FZ9osQaoE107eIDzjmzaKVNg3ysnkmJG4wfCkriS%2FBAAmRlu%2BKvfTwad%2BooWauxPn6fTwqaTTG7vlq%2FD%2B%2B6jyQPnpQ%2FsvwAfIcpobhXkeSUdjdMqAZq5mLCIUsHjMetHCg9mqE1LA7SDru8hLtnF%2BG78Pfm8xlr8URvd9uW2Yhha73iSCkSxbjEg9ZEEFczM%2BL16rWKV%7Ctkp%3ABFBMovO72Lxk,4 GB,-,Dual SIM (SIM + eSIM),Apple iPhone 11,6.1 in
Apple iPhone 13 PRO 128GB 256GB 512GB 1TB (UNLOCKED) ✅1 YR WARANTY✅⚫🔴🔵✤SEALED✤,$779.95,1 product rating,https://www.ebay.com/itm/225247495043?_skw=phone&epid=8049288673&hash=item3471cc0383:g:hFMAAOSwjjpkQxXm&itmprp=enc%3AAQAJAAAA4HoV3kP08IDx%2BKZ9MfhVJKlQB3er7Rq7xSdsdNLjVLjmWh0VTdQ%2B8c4QdxrwFPz1JOF8tMJwmtPh2%2B8KxhXp6JSNVNu0CN8I5LTEq7bxhTHU%2FTcWfOBMt1i0S75faQftet3I%2FEYHkwWXPDPLDgC9XEJ1oENTzFV4w9vJ4Cafa55inGZvsbZUzC3m7q0ub4H%2FcVemc6zWvbPvrgkjwXNJR1Qwd3wSelY90lFkNiADe6KR1je4QE0X%2BHo6M3DQ0OEySauNqBmPk88niZtizHuJkZnleYXLcwwpwaRefitBq9LA%7Ctkp%3ABFBMovO72Lxk,-,"128GB, 256GB, 512GB, 1TB",-,Apple iPhone 13 Pro,6.1 in
Apple iPhone 13 - 128GB | 256GB - (Unlocked) AT&T Verizon T-Mobile Cricket Metro,$399.95,-,https://www.ebay.com/itm/186591923727?_skw=phone&epid=22065002168&hash=item2b71bece0f:g:j0YAAOSwG3Jmoq~N&itmprp=enc%3AAQAJAAAA4HoV3kP08IDx%2BKZ9MfhVJKlPOIddCzTGoaDE%2BUrR%2BUkNYnY4m54A3KU4H1DnfaAnf6QWamw8xxweabhVzawL%2BPitsBE%2F8ic60UaqN0l9qvxOz30QDW2Jwqp6uwpGjn2fxvoJFyEoM%2Bu6IDtct1N3Wl6FKEE8pwV%2BJyccsIOT0uuKwBZNVTM2jZo5d1XA38RHW4rRHcHezRvLmaA3E61yHSlpzmZTdhcndeNyqy9gcZtE97HQXa2HbDY5NWkhn5vIoEEGkpgw7%2B71EK7tBu8PZgYHeyp60x8H2dbn%2BQ6m4lKD%7Ctkp%3ABFBMovO72Lxk,4 GB,-,Dual SIM (SIM + eSIM),Apple iPhone 13,6.1 in
New Listingiphone 14 pro max,$445.00,-,https://www.ebay.com/itm/286055392041?_skw=phone&hash=item429a3ae329:g:skQAAOSwm1Rm4NUr&itmprp=enc%3AAQAJAAAAwHoV3kP08IDx%2BKZ9MfhVJKm%2BsZ3bfoEvHQ5NED2m9rer9yrWJe4xG4V0GYPByJYCaWmWb%2Fv78rZ4lPQZjuuuq%2FT1wKC73Z2jyaRxJ7GoHLMvx%2Bw0no%2FzRbCoh3a01AScgwpD6rQPwGnyjLWGmY4JPECC75zhke57TiErzgxRfHElruIYEU%2FHSOqKIQZFN5na5hGLLvTZgn5gZ8NNOLXC9jOQTlVgOGLvUux17Db08BZhGv3fENKePoW5CDXhRpF3yA%3D%3D%7Ctkp%3ABk9SR6Lzu9i8ZA,-,-,-,Apple iPhone 14 Pro Max,-
Apple iPhone 13 - 128 GB - Midnight (T-Mobile) Sealed Box,$229.95,19 product ratings,https://www.ebay.com/itm/204984507438?_skw=phone&epid=26049291091&hash=item2fba075c2e:g:7fcAAOSwnqtm32Vo&itmprp=enc%3AAQAJAAAAwHoV3kP08IDx%2BKZ9MfhVJKkzOwUyk15sZJEjnEHT%2FHtS8QvJwSpbH0Wun5RvY1QFqsPmvHsSjJzdbNYE5QOYQsjIldOoerkrelhZ0oWgq3P%2FkXnbxsUGF7wDXgHheWwmXKs1vdSpsg3J1aYEfxZ4bGZ%2FmQwM3Y5mqnIZAZSRCEfFGpZ2cR1ZYCqd3yAUMi7ycD3tjKwYTa7H5kh%2B%2BAPClX2sUWOYM6IOm%2FJKs8qhE8a%2BAYDJDe3VSAIwcAr6qrZUMg%3D%3D%7Ctkp%3ABk9SR6Lzu9i8ZA,4 GB,128 GB,Dual SIM (SIM + eSIM),Apple iPhone 13,6.1 in
New ListingApple iPhone 11 - 128GB - Purple A2111 (CDMA + GSM) For Parts Only # Control 351,$374.99,36 product ratings,https://www.ebay.com/itm/305777658362?_skw=phone&epid=21034217815&hash=item4731c4c9fa:g:3gwAAOSwLtFmyN2A&itmprp=enc%3AAQAJAAAAwHoV3kP08IDx%2BKZ9MfhVJKksDa6UH%2FFul9YXLnk%2FThhbj4OWMbM9yM5gcM%2FEpKlq2x2u0hGVsoTNdoWephsIjrk7P6fRRuE8hsA1IfTd27li8Rysu3JPeHqkFWo6odGVRV4q90a3WgYTQmqE1DgA9B3tWxloithagvmO7QblU1XtPVWhF5WmpVOGjWh%2BpTaFS9vEpK7p0y%2BydV9mvusaGkNHSKA7XFXVONH04b3lEuNIzPwmuMsIwpSDytLb3Id1AA%3D%3D%7Ctkp%3ABk9SR6Tzu9i8ZA,4 GB,128 GB,-,Apple iPhone 11,6.1 in
New ListingNew Factory Sealed Apple iPhone 14  Unlocked 128GB Starlight Smartphone,$255.00,-,https://www.ebay.com/itm/296686149114?_skw=phone&epid=5056262902&hash=item4513df5dfa:g:mPsAAOSwxnFm4JRp&itmprp=enc%3AAQAJAAAAwHoV3kP08IDx%2BKZ9MfhVJKmts3XlWTWcjGC12j8ZoKLM%2BHK0e2lWX8cMIei6KJLx70XdRuQE%2BSEsBWCkuP6L4B%2FIXSazP5Y2OcUklMpF10O6qmlWADXIWB%2BCQhjFQrY9T9BKcQsMitfU7QXpNP9JCZJVu5qqgrs8Z2LJD1cE8%2FphWViu0RjA3sYMnFkjEVV08JifLfAdo7xMDzb8x0nm3jOBDf6GJ77vNECLkv2n%2FvcxNLcw0lIYG34Ge%2Fuin1AQPA%3D%3D%7Ctkp%3ABk9SR6Tzu9i8ZA,6 GB,128 GB,-,Apple iPhone 14,6.1 in
Apple iPhone 11 Pro MAX 64GB White A2161 For Parts Only # Control 399🔥,$419.99,-,https://www.ebay.com/itm/305770482440?_skw=phone&hash=item4731574b08:g:E5QAAOSwGYpmmoOG&itmprp=enc%3AAQAJAAAAwHoV3kP08IDx%2BKZ9MfhVJKmfYopNHJ9m6gZhZLXW4TCTbfF4MFft0X1G2cmGRr5HawaPRPOjjiMIdogtS0oMekRrnMYk7lRIZ%2FUzN6IKoCjs97apJaTTmPT0DfoJ%2FbadNN8kPwSBB3eXpJdm%2FVQDqYcs1%2BmJIbAKhDKwQRGs6H0nrBfJAT7gM%2F5t%2Ffs1UmgMMlDb8%2F257KRVojhsVvN66MSR9SBiPM95WaJ2ImjerwuogsuJQOmPbDZPVl7Y86Tnkg%3D%3D%7Ctkp%3ABk9SR6Tzu9i8ZA,4 GB,64 GB,Dual SIM (SIM + eSIM),Apple iPhone 11 Pro Max,6.5 in
Apple iPhone 13 - 128GB 256GB 512GB - All Colors - Good Condition,$282.19,9 product ratings,https://www.ebay.com/itm/284798167339?_skw=phone&epid=3049291507&hash=item424f4b292b:g:rqsAAOSwLwZiar2B&itmprp=enc%3AAQAJAAAA4HoV3kP08IDx%2BKZ9MfhVJKnukWHHU3DvlhG68mVtVbfO95rf6iIQsFWfRa9jtSA3xE8x7yF0jbBIbhVpUsqndfwCDXZe21ZeD9IYCImVfDAPXH1BW7AhQ5rVXzaHajygDDCCqlQM39lJK4RfOqVcMcxL%2F9Q0ogs6BtixplXCr%2BF%2FPWjigGoVlIxsALoIGrnWwj3V2pYz9In%2BRhuEdHNEAFhYh38PdjVWV6rsVPnsgBr0fyDGafVeIwcSBdmuI9BHmBnRfP4OwVuSQ4%2FtjZYhYqhb4bMrCsGl56q%2BXTwbaDL1%7Ctkp%3ABk9SR6Tzu9i8ZA,6 GB,-,Dual SIM (SIM + eSIM),Apple iPhone 13,6.1 in
Apple iPhone 11 A2111 - 64GB - GSM Unlocked Verizon AT&T Cricket T-Mobile Metro,$229.95,-,https://www.ebay.com/itm/276398933291?_skw=phone&epid=3034274263&hash=item405aa9052b:g:uIkAAOSwBhRmBtCp&itmprp=enc%3AAQAJAAAA4HoV3kP08IDx%2BKZ9MfhVJKl54INWcBSza%2BVPKawq829Wa%2BDkQPuNPs9q6jebM05UqB%2BjptIzrUbVI%2B%2FrYof9%2FoY9YcT0R2kXbdmcHvzt%2Bx%2BlvltuPgh9LtyplAIfuSgOnSUKougY9OR6V3PVYlBYDqqn1TxTWcaYLyAKjh4aMyfRrK7rXJwDl9blbdEbvIeh1Pk%2FlZQJmr8Qrs1aL0t9qrFUeyju62CaR3Q8tqknVZh3gcJyTJXsg%2Bx%2BOSW3BYIe4y6PGKqbG9cHHAGGVg2HEc2%2FtPs7zzj0gWr51CwBVCOS%7Ctkp%3ABFBMpPO72Lxk,4 GB,64 GB,Dual SIM (SIM + eSIM),Apple iPhone 11,6.1 in
Apple iPhone 14 Pro Max - 256 GB - Black (Unlocked),$374.99,16 product ratings,https://www.ebay.com/itm/166964530438?_skw=phone&epid=6056270182&hash=item26dfdc8d06:g:iH8AAOSwXexm2udk&itmprp=enc%3AAQAJAAAA4HoV3kP08IDx%2BKZ9MfhVJKmS2hj7%2FWWe3cazXWUiL%2FWhzagZJmzb7fA0mP6mBDac3AJg%2BIxvoPQAepj2SYytM0fYKInmN268lqss8k4WaTJ%2Bp7sVmCeDBrwcDE7puPpfiyEihVDSqvXX8qp6lqIrRMIlEdWk3W9JYz%2BoAW%2FIub3hvL2JbVXrCi5Ageqqy3qDDPNjYVtMmzzb84oKec2HqLy1uYX8%2BWnsdkiO9i3W410nDFTn%2BDR7Rr3qMqo4BNVJGZ4el5m7KZhd7%2BwuGhLYhr6urb1M8Bbv48WZbuFL4c79%7Ctkp%3ABFBMpPO72Lxk,6 GB,256 GB,eSIM,Apple iPhone 14 Pro Max,6.7 in
Apple iPhone 13 Pro A2483 AT&T Only 128GB Graphite Good,$255.00,1 product rating,https://www.ebay.com/itm/176450986082?_skw=phone&epid=7065009787&hash=item29154c6062:g:gPEAAOSwrJxmgwQR&itmprp=enc%3AAQAJAAAA4HoV3kP08IDx%2BKZ9MfhVJKmJSD%2FjUVeVbcL5wu0GOwkr965pK%2BjnfFFNYUfmYJnOWCjN8NhYHrbnWhOhT87MEGTex%2BeC0jKziEP%2F8rKrHF%2Bf%2BjAH1GoavhNdJemmjidTwrRhY%2FbYP0yOSm7NnNCvuEmrgq08ZEvZqe0tHPlhhUVEzva3wh0vCtVPBE7qQC1jYEp8fHE6e12VVWspFjb4W%2BsnigBp01JsDFmLBZYRfRPXA%2FUHsqnh4njZq5GAXky7G4S3dfAAx1TqF3ov6o%2FvBcXF8ksRLU4lQnEgDs1Jg9Gp%7Ctkp%3ABFBMpPO72Lxk,-,128 GB,-,Apple iPhone 13 Pro,-
iPhone 13 Pro Max FOR PARTS ONLY,$419.99,-,https://www.ebay.com/itm/286004666791?_skw=phone&hash=item429734e1a7:g:bi4AAOSwmVdmf7Zj&itmprp=enc%3AAQAJAAAA4HoV3kP08IDx%2BKZ9MfhVJKkMlkCc67HdFCUQ0snGReGi6S6DwHlLdMfVVkEuvsJoLkA0ulMtTMpDXRC5f%2F%2BqRvhU6rRd6hkAwBU0CNHu2O6maQyXLBNlo0lDEKLFI5qsyHObzJH9%2FvR%2BxJ2llQVTnzOisMqzdlQd4%2FknKl6nJHow67o5fS0mXekp8Gx7A%2BVZLmFl%2FQj2hRrUcXx4c6HB8rOTJmoytojuKjURiErEz5D99uMq2m2FsW%2BjQoo%2FlD53afGCxhFJzipzcDzBeNl5rnvRWOvm%2FajS2x3ZEIghYksL%7Ctkp%3ABk9SR6Tzu9i8ZA,-,128 GB,-,Apple iPhone 13 Pro Max,-
Apple iPhone 11 A2111 Tracfone Only 64GB Black Very Good,$282.19,-,https://www.ebay.com/itm/176452504458?_skw=phone&epid=13064997019&hash=item2915638b8a:g:HbsAAOSwAGZmhD1N&itmprp=enc%3AAQAJAAAA4HoV3kP08IDx%2BKZ9MfhVJKlCUHEEVboPYsbg3ID435iawNMtWvt0wG%2BcXgGIrw9yrES6%2BXlKx25UczpKLCKOL4TZe1kUSp9pf6OVzw6IGt7aXg2scT5z391Q25VszpWFYkq8lpV50IfWdOItQJQGBypyNSsOSwwaIXrUaV%2BuorfJ8RqFZMF3wmzSRfYaPNp2C6g%2BUmmX6T7tv28LNL1FwrAbu86t%2B8b%2B57X%2BK%2FxpdtDN9pYI8s9vcJ0IrOKBzfPWknvejbNmcIJ4in5ySAi85TK4eMpr3cfM%2BqZfhZRyuYHM%7Ctkp%3ABk9SR6Tzu9i8ZA,-,64 GB,-,Apple iPhone 11,-
Apple iPhone 11 Pro A2160 128GB Color Green For Parts Only Control # 357🔥,$100,-,https://www.ebay.com/itm/305770741581?_skw=phone&hash=item47315b3f4d:g:cX8AAOSwnr1my0SR&itmprp=enc%3AAQAJAAAA4HoV3kP08IDx%2BKZ9MfhVJKl8O7nmmZM4D5puGXXIpXB%2BBlOTSe8MuYF%2BZ7MbpdfU3pVnY%2BP5W0YWUYzWwm5rDGqQWFRf4Ahkb9jnxe6BlAdWldCv%2F7NgZPxPJambvxk2iqNisNydFc7vgDR9mOZra3M%2FEi%2FNW0gEIqMwxwC%2F3O2C3T%2FOJcarx7HdksOr653aiZQZr2qwSugO2UBivWZRtLV4ow3xvQYslSIv3o%2BrxWJ2vE7x5yQUF94ucS8z7crS0oAnqshmxNBYnimrlAnku%2FfmiMyufwWZxzNPSLUyCfJW%7Ctkp%3ABk9SR6Tzu9i8ZA,4 GB,128 MB,Dual SIM (SIM + eSIM),Apple iPhone 11 Pro,5.8 in
New ListingApple iPhone 15 Pro Max - Unlocked - 512 GB - Blue Titanium,$910,3 product ratings,https://www.ebay.com/itm/166966875701?_skw=phone&epid=28062776372&hash=item26e0005635:g:KQQAAOSwHL9m4dzF&itmprp=enc%3AAQAJAAAA4HoV3kP08IDx%2BKZ9MfhVJKmKZIBrgZUPzduI40jxqbD1rLjJRGdJYmax6ZCK%2F8uLKunpr6TSOhju%2BHsn%2B%2Bjy%2BassPdpMzzFYaJPWAkX3xeSbLRveUe9U6ikVt5n6AVyeQGSKoJPb%2FQovOqTcNNFPwesrgmw%2FEbWaizWnvDN9vap8RhX53Qwzw98R1elP5T60mWe4Lb6e8KEVys2ToL9Jw84znEiFosQl9l0u1l%2Bq8a%2BhWsznjSldzZGDH%2BeTjBU84ztEMzLsv%2FbWSZpld8Z%2Fm6ef6UMCKM%2BTBsPKBPHDaRip%7Ctkp%3ABk9SR6Tzu9i8ZA,8 GB,512 GB,eSIM,Apple iPhone 15 Pro Max,6.7 in
Apple iPhone 12 - 64GB - GSM & CDMA UNLOCKED 5G LTE DEVICE-ALL COLORS~VERY GOOD!,$248.99,23 product ratings,https://www.ebay.com/itm/326018235418?_skw=phone&epid=12041705105&hash=item4be8337c1a:g:sLQAAOSwhTdhdwOs&itmprp=enc%3AAQAJAAAA4HoV3kP08IDx%2BKZ9MfhVJKmCqQmjdVDhN1LJEqW999uQOLWixPJffABl0wjfix09YHIvM82bkAQWs1RLOftwVQCa6Lb30%2BqxUimdJMp9fY1Rnfrefvvla7TSjSf6VUfEY%2FwqPF6PUUnyTIZGeGQ9tcoJK3L1omRChKSjOiOzNDVLJutd43QFI8GZkuEKvzSo0Pm5FFDv%2BPgdJ9Xy0XUQ4oCCflihjV3TNFFAt9UC6KtKXaitdag5cVtPJHnxPaMTNE3nmYhXbSDHRqQyGc06mj5DhyoPMzyd%2B443xiGr2lth%7Ctkp%3ABk9SR6bzu9i8ZA,4 GB,-,Single SIM,Apple iPhone 12,6.1 in
Apple iPhone 12 - 128GB - Factory Unlocked (GSM) - Multiple Colors - OPEN-BOX,$360.99,1 product rating,https://www.ebay.com/itm/235691115989?_skw=phone&epid=20065001243&hash=item36e04905d5:g:lWwAAOSwGBFmt4a3&itmprp=enc%3AAQAJAAAA4HoV3kP08IDx%2BKZ9MfhVJKn%2FI71murZPoImVeyRGo9dxue7wd1mBvoFs4hz6Rv1vG7Bb1MIooJ1Hna5%2Bze0JQ%2FZklN6h0IOnoKci4lD87v8WGIkURkK3FO%2BrjFneaQARqb97JcFOej5aRLgAbfWvSGdyJ5wzEVCxHldro%2BwWcYaTwv4NZPI%2FuhVRKLq6YncqAxLODLG6R5SMusm0ubqh0iOdVyRDOqLg0MpXHM0a1eYda%2F%2BdLsW5E%2B44sg%2FlLCrHEfgoUB3O0%2F07VCxLH5%2FsCr%2FijUo9peqEyQ8kLkuk65g1%7Ctkp%3ABk9SR6bzu9i8ZA,4 GB,128 GB,Dual SIM (SIM + eSIM),Apple iPhone 12,6.1 in
New ListingApple iPhone 11 - 128GB - Black A2111 (CDMA + GSM) For Parts Only # Control 377,$70,74 product ratings,https://www.ebay.com/itm/305777660496?_skw=phone&epid=13034214281&hash=item4731c4d250:g:7BwAAOSwcjFm1hKL&itmprp=enc%3AAQAJAAAA4HoV3kP08IDx%2BKZ9MfhVJKl1HZs2MW6OfMXv%2Bx%2F9hF67xozQDrEp4u4OfyqoAgw1SuZ15ZoLs9AQtcBsByofQBp41G0G9G4Cq%2BmOm2JMZxMTyNDBuQD1u70gwodVbghmeV1FQ%2FZagtNXODavFQsXbzRxIDqP6uQDvTvHdJHSX8f2lH1%2FKdTDLdBW5e4ec8mi3Rg%2BAHz6AyUBueGoXxi5yhPAG9kQWg9KJ2Lw1mxgDbqmR%2B67eK%2BdZ%2BVFPcT94f91l5sveDv7AGNW4sD9BFRdh5oxJkMelIwSxSrjyIpFWUUN%7Ctkp%3ABk9SR6bzu9i8ZA,4 GB,128 GB,Dual SIM (SIM + eSIM),Apple iPhone 11,6.1 in
Apple iPhone 15 Pro 128GB Titanium Chimaera Policy (Parts),$490,4 product ratings,https://www.ebay.com/itm/355785013756?_skw=phone&epid=3062772408&hash=item52d67079fc:g:dWAAAOSwUGNmaJtZ&itmprp=enc%3AAQAJAAAA4HoV3kP08IDx%2BKZ9MfhVJKnon9msI%2FJhJm4DTAGxXfyEU5seRnDCTJNn0wGuGbXApngvoTsN0010HeAH34Vw%2BaeVXrU1Vve4HXNtMXL5687Q97EU%2BzLVWpmo5PWRhYvLb2uSl9NNLJ8zGrI9jtJtvTA%2Bel9edytN3MSS8mneFt9yTiE%2B7eW5lLQwu3bI6Zz%2FdcEFC5pEnbEbXHLgn%2FGeM%2FV4rDSVs87iWUBlECbtK0n5NTtuNFqHC4nuBPwmjIW9r8z8J%2BFBxDI2oRq5jNS5Xmi8INEA6baOs4O%2FFzkU8GJX%7Ctkp%3ABk9SR6bzu9i8ZA,8 GB,128 GB,Single SIM,Apple iPhone 15 Pro,6.1 in
"Apple iPhone 12, 64GB, Black (Cricket Locked) - Excellent Condition",$184.5,2 product ratings,https://www.ebay.com/itm/296682310897?_skw=phone&epid=17065004251&hash=item4513a4ccf1:g:KFkAAOSw3L1lwMf0&itmprp=enc%3AAQAJAAAAwHoV3kP08IDx%2BKZ9MfhVJKk4WoiyaYBhQZ00ghmzrQxTHBnG811gP6DcXpYp0uZSnwhX7X0qM84iT4n7ihMhOxmTV9CZdXPAmO9tTe5FJCw%2BhUE6iKB6FPih1rs24d3%2BPROlUvINbgY2pVK4d4NaCDVUZYVDJ4MCXyc2Qphi7SB%2BR6ZhvNXzy5BO%2FNeThAeKWVGmLe97ctHviGiNO15BIJKEv5OIwbUld40TBd2ly8k9l5NYlCpG918DMNtchFGFQQ%3D%3D%7Ctkp%3ABk9SR6jzu9i8ZA,4 GB,64 GB,Dual SIM (SIM + eSIM),Apple iPhone 12,6.1 in
Apple iPhone 13 256GB (GSM+CDMA) Fully Unlocked,$445.95,4 product ratings,https://www.ebay.com/itm/375459858716?_skw=phone&epid=2320328674&hash=item576b26c91c:g:NmcAAOSwI2lmWa0-&itmprp=enc%3AAQAJAAAA4HoV3kP08IDx%2BKZ9MfhVJKnyst6rCJOz7b6aFBcrS9Wk3YPeQnrW4Zuli05BE0iXSDGzCjmA3SS7dy9ALLRqr9XuTLETLolmnpgQ477V0ODXXAXjYh%2BFahq%2BOcx0hztPSGGwqWTbNapjzUyVjzPdZk8SGE%2FWpXGUksuCRbNjduJkII%2Fj9qFST%2FIMvfEyStlgPfBHfEE3cqJSnkO%2FSXu0Hem7kjYjRVRomoyqUtTRG1X7PjgPQkq9PgzfOP4vK%2BKB8tN6vh67UuuZBlmD7KCIi3K2YthuXHtx41ucF8LywRxn%7Ctkp%3ABk9SR6jzu9i8ZA,4 GB,256 GB,Dual SIM (SIM + eSIM),Apple iPhone 13,6.1 in
Apple iPhone 12 5G 64GB/128GB Straight Talk/Total By Verizon/TracFone/Simple,$239.99,-,https://www.ebay.com/itm/145525282807?_skw=phone&epid=9064997275&hash=item21e1fb97f7:g:EqMAAOSwjI1k2RR~&itmprp=enc%3AAQAJAAAA4HoV3kP08IDx%2BKZ9MfhVJKlhBBdpN12Oh3YpUBY4bUBxFm%2FRALapH6Ouo8XJnGer8VELKS9EFbneC1XRJAAEc%2BPvOcAy0XsIKcVEXkz4FH68NNivpO5eAKT8kXn31xyTr%2FnmG6MGUSHCTzOdbvOYn4SCY9rP5RQesPfGMJgCDyEIyEyiulObGSYAk1Er06nYG1LcFds7rqVJhvU5YPmXj9ZoOrJKpj4r9nFFt3zKHftUFbTkeWaYI%2FmZ36NWKG0d2m%2FHGDP7tVeJIOrqkMlgMQ17ao%2FiLJtLVAGG4ig5REea%7Ctkp%3ABFBMqPO72Lxk,4 GB,64GB 128GB 256GB,Dual SIM (SIM + eSIM),Apple iPhone 12,6.1 in
New ListingBRAND NEW SEALED Apple iPhone 12 64GB Black METRO FREE SHIPPING METROPCS,$270,1 product rating,https://www.ebay.com/itm/266986212830?_skw=phone&epid=24064993899&hash=item3e299e4dde:g:W-gAAOSwh0Rm3Jk7&itmprp=enc%3AAQAJAAAAwHoV3kP08IDx%2BKZ9MfhVJKmQYz77jhZRLn%2B6w3cxtdKZzP19mEmtHKscXbcP908ZdTqtCGS94GLdDZ4RF7IMUQ6aTS41t2F3IzLshY85OljD6Xssh2ujZ5%2FI0bVrLqp7A6h%2B%2FKAebGRGy931scD5tJBRdWMpmS3UyvObVOioRVOdHq4IWu2dD5reeuyKFabKjm5ZM4R5Und9KEIltS9TohZ8d%2B5e7nSFmsU%2Bht5W9LypdPeDvPCcfW3gsry9RDpH5Q%3D%3D%7Ctkp%3ABk9SR-7P2ti8ZA,-,64 GB,Single SIM,Apple iPhone 12,6.1 in
Apple iPhone 11 Pro Max 256GB (A2161) Fully Unlocked - Excelent Condition,$374.99,51 product ratings,https://www.ebay.com/itm/176241438661?_skw=phone&epid=22034217307&hash=item2908ceefc5:g:OZgAAOSwzpdlzpg6&itmprp=enc%3AAQAJAAAA4HoV3kP08IDx%2BKZ9MfhVJKm%2BVf02CB1IU2BJ3VNgpmC4LjMgkTSZzng1G8recLs7EoM0Uuh9xENJ6iQfJ36R0B7GFTnFYip%2FZKTB%2B%2FBJ20GfPS8zgBIhihBVR1%2FwGuuI3p2uQmGPMDQKYCAI%2BLQJUxvKgTKASR8GPlfMrZkAAqU6gEcZtGNbcqqBFQe72Oh%2BUZhe658YiBeaXql3Ry%2FBGaKkhjAeUKHz7MQTo%2FlUnYRvWCvw%2BQlZ%2FoGNdyIy54wO1jAcbkXGXIZBuKkMhxWZvIz7f2mrVGYHoj9QPVreIGyw%7Ctkp%3ABk9SR_DP2ti8ZA,4 GB,256 GB,Single SIM,Apple iPhone 11 Pro Max,6.5 in
Apple iPhone 11 64GB Black A2111 MHC43LL/A Unlocked Clean ESN Good (PC),$255.00,40 product ratings,https://www.ebay.com/itm/196291681609?_skw=phone&epid=9034209104&hash=item2db3e55d49:g:rVMAAOSwe69jfkA9&itmprp=enc%3AAQAJAAAAwHoV3kP08IDx%2BKZ9MfhVJKnaX0%2BmWj1THMmscf4aIe2Crhe9i3mFcbf9InW3UsH1CqRFh5HIEsGY9Bn2Pu3u51AxyDJrsEwB6Q%2BJIwwF11pOdarVODgO1HZxu6b%2FNU2DiYsKOeSlk0ZllhkByidVBy99nxS44ev%2BssHmt6BZ2JzY404MlYpXnHKnEzk3bONYHCrMpyQse%2BHKPncxBU5wYtGLLVyWcPiYJrru%2BTaS0zBq8vh1%2BT0IYX0nkEgqlCsxKg%3D%3D%7Ctkp%3ABk9SR_DP2ti8ZA,3 GB,64 GB,Single SIM,Apple iPhone 11,6.1 in
iPhone 15 Pro 128gb - Vodafone - Natural Titanium,$419.99,-,https://www.ebay.com/itm/166964292394?_skw=phone&hash=item26dfd8eb2a:g:Xv4AAOSwDKFm4CZU&itmprp=enc%3AAQAJAAAAwHoV3kP08IDx%2BKZ9MfhVJKnfBVXrPDB4fgoVC2JN34ekERgj4XCUnsw8fobLqI50H%2Bra1WdsAL79cX8aRDKay68VNYa0bCiugCoAhtmGpiZmC2BvJcwmQJStYN60oWel57%2BW9sKk%2BTLMOr5He5HvyIxdugm%2FpxR3ueXb%2BKPeFugicz1gsOhMTUq%2FlcK4W8JCzPk5H2ZioY5TkjlIDUt5fjyNSumFWalcJZYEGVTME2%2Fuch0N5Vz0QR1B9PVTHfVOew%3D%3D%7Ctkp%3ABk9SR_DP2ti8ZA,-,128 GB,-,Apple iPhone 15 Pro,-
New ListingApple iPhone 11 Pro A2160 128GB Color Green For Parts Only Control # 354🔥,$282.19,-,https://www.ebay.com/itm/305777659439?_skw=phone&hash=item4731c4ce2f:g:SRAAAOSwQ89myOJn&itmprp=enc%3AAQAJAAAAwHoV3kP08IDx%2BKZ9MfhVJKkJcCN6Dlpjlkn4QoAlImSJdUqSGgvRK%2B1uzRw3HF5SSc0DmeJF8r6Q4h2bRuulqyqM2Ul1kmPFyK1mkp167LmqPip%2F6EzT%2BvJ1wOD1baMwWhDHAOIzy7Xv%2FL9qZnC12oLVzkaPeUSLnabDhV1hR0gnBUjz9Ufl%2FAOT%2Feiaj03DAUwayACmQMkNoVSzHSr%2FE7FrlD7tH1YSclbDx85AGmrAv%2FUs3qAZhsHFZvEEqoZScw%3D%3D%7Ctkp%3ABk9SR_DP2ti8ZA,4 GB,128 MB,Dual SIM (SIM + eSIM),Apple iPhone 11 Pro,5.8 in
Apple iPhone 12 Mini 64GB Unlocked,$275.91,80 product ratings,https://www.ebay.com/itm/365103154435?_skw=phone&epid=5041723784&hash=item5501d80503:g:m9IAAOSwtUBm2CSL&itmprp=enc%3AAQAJAAAAwHoV3kP08IDx%2BKZ9MfhVJKnrleVR9JMwBVk6WrJ3eHMSYJbaGvGdF4Z0pdd5bMEPpHuN6lsGnIs7U%2BvTzYkOuinP6yAnksqqPWu%2BDf7rolJwIdBNC31F%2Ff15xi5YhInU2CSVdLHu3%2FKV55WQWBS0PjI5I4MKDOHmrVBZnZk0oDgtS%2BFS550kwZ7ueJHbZ6mKx%2FccXytICo%2BBCulufaHq3384A1tczDMgVNg4cW3pUmI5mM11CgYap5CYnJJmyVK8Fw%3D%3D%7Ctkp%3ABk9SR_DP2ti8ZA,4 GB,64 GB,-,Apple iPhone 12,-
New ListingApple iPhone 11 -  64 - 256GB - All Colors- Factory Unlocked -  Good Condition,$255.00,40 product ratings,https://www.ebay.com/itm/126669603590?_skw=phone&epid=9034209104&hash=item1d7e18c306:g:0uoAAOSww81mw6v5&itmprp=enc%3AAQAJAAAA4HoV3kP08IDx%2BKZ9MfhVJKnsGYREaMnVyLEDO5xHSmXiQswOwGGpAPuRllRe%2FbmEuYrRZknA6NGY6QB7c%2FX%2F8k85PDzyBPifctdgRO3cjhqHoPU5XH5GHwV762bhmGcSsNzlZvnfmTzVB86e1LKR1AAT85hVQcZDvv2rc3FtWe1wBev9CEwgk79jFiE8y%2Byt%2FpmZ6dtyqym2XcUGE5crzP6vmMHBT72gUe19nXcJLMHdXqvt4%2FrSckwKZQjFx8qYw6GGacBv9GJ74BcP6%2BBTp07oB%2F1a4BkX0EXTLxZ2GHaG%7Ctkp%3ABFBM8s_a2Lxk,4 GB,-,Single SIM,Apple iPhone 11,6.1 in
I Phone 15 Pro Max 256 GB UNLOCK  🔓,$419.99,7 product ratings,https://www.ebay.com/itm/296684926200?_skw=phone&epid=20062769681&hash=item4513ccb4f8:g:6hkAAOSw4AZm4NjG&itmprp=enc%3AAQAJAAAA4HoV3kP08IDx%2BKZ9MfhVJKmcusTaZZMIq3ALcc0eemheM5WczFDY90ovgfcXAbi92vAGyO1jnIyudJMOVb5RxxpLi4JC6b8qtZ9SrFOHZJO2vpq9wV4WA7WX%2BuDlcl60s8ShSZzHGBR6UE5q2yEGc8IE6bzfxE3WmlgCI%2BP8uBJ9wQ4GIG4Qz5DqKuW0ISjMRhUgPfyFBa%2BnrZzfIat0wm32b58STf2H41c9imlao3Gmg2cSjutokGfzfD15N3gsblyzvAQnf2v8CEeR13Lt%2BAvP2Ud54OVzeWo1GBvG%2BIMs%7Ctkp%3ABk9SR_TP2ti8ZA,8 GB,256 GB,Single SIM,Apple iPhone 15 Pro Max,6.7 in
Apple iPhone 15 A2846 T-Mobile Only 128GB Pink Good,$282.19,-,https://www.ebay.com/itm/196477489893?_skw=phone&epid=27062765596&hash=item2dbef892e5:g:R1IAAOSw~tJmgwS0&itmprp=enc%3AAQAJAAAA4HoV3kP08IDx%2BKZ9MfhVJKmbbWapZIFid3WMoHf04VgO0iB5eJemGUOYMkjFHBV0Cb%2BxZcugVCpFgt8aQ5%2BwDiSEyGDB4sq3jjrf1ccKYrO8eyFXR0xk1gR5upk3px%2BRBMSgWLSDe1yBWs3OZrtQj3Lcm9%2FLw0eAw%2BYErqM7l9weNZ37Edsj0rojiDIO%2BTVLc7e2Os2REdG3TabErWFowFj6y4Q9xeZo4eiW7enkSUK8M0fP%2BUnXOOadR1xTumleVVXfGThSRlNw68Oe6sMl2HEBy8vRdYk75Vn1m5KCJWCV%7Ctkp%3ABk9SR_TP2ti8ZA,-,128 GB,-,Apple iPhone 15,-
Apple iPhone 12 Pro Max 128GB Unlocked Smartphone - Excellent,$451.95,56 product ratings,https://www.ebay.com/itm/384501272640?_skw=phone&epid=17041715649&hash=item59860fd040:g:ngcAAOSwy9RhkpBT&itmprp=enc%3AAQAJAAAAwHoV3kP08IDx%2BKZ9MfhVJKlO%2FX28bCwvOhRSYnX0TmCcOxH9KvQmHNW19ClVYQuc8zC2xeSBqUSBU7cmexk6%2FUZa1LGGkuOym5w5RwmEUBgtqx1XlgrfebfjRLzTrnjM1USYZGLBtBivUwqUrXVIKxbJTTmCjUMPirD3E54P8Q3XF1%2FEKDV2hKFzYJttk8RZeTdmZG6QqmHpNqutCcE9jysFX975iO4kHGEDdd%2B04wF8oXmI44LCEJgYsU%2BfnOiQQQ%3D%3D%7Ctkp%3ABk9SR_TP2ti8ZA,6 GB,128 GB,Dual SIM (SIM + eSIM),Apple iPhone 12 Pro Max,6.7 in
New Sealed Apple iPhone 11 - 64GB - Black (Unlocked) Black + Extras,$309.99,40 product ratings,https://www.ebay.com/itm/266683953691?_skw=phone&epid=9034209104&hash=item3e179a321b:g:v88AAOSwAnNmcIsl&itmprp=enc%3AAQAJAAAA4HoV3kP08IDx%2BKZ9MfhVJKnxmfWFOd1AB6K7O70HKOSzbcx1L7OMMGKZDubS6wUYQn89DW9H74Bita%2FoZSdCb16A8l2WKqXIcrIisdjZ%2BtGpCN%2FbJtuO7PX0XQAWv7SeO4o8Xsd7IKrlkkqkA5ppAMJaE3wpV2IkPOy4DphGgvo9suMAYGX7obaNDbmF%2Bz0aevQoUa4kDcyvPeHY9zwAZIKTNO2ihlCJpBNePxnLoT0JOFQj2KOoKU9nqKeQ4VvYUMxnOJiDOzY7OlizUN%2FqtaQQg3yfr%2BNDTu0vSqe81eUE%7Ctkp%3ABk9SR_bP2ti8ZA,-,64 GB,-,Apple iPhone 11,6.1 in
New ListingIPHONE 11 128k.   ATT,$229,-,https://www.ebay.com/itm/204987350768?_skw=phone&hash=item2fba32bef0:g:V2QAAOSwYrlm4eVN&itmprp=enc%3AAQAJAAAAwHoV3kP08IDx%2BKZ9MfhVJKmsbgomlcA%2BXV0TwLQbLL00wlvtRTiUPtu%2Bl7Zhf6bAB27DXhy09WCUhYBu6qBPicPtx7lGHbzRbuOEUbPUcOQScFiQZBCgyucWXrcK3%2BLPGLk11FOxZQqIc2QoHcjJSnfi2i6XOifMA%2F%2BWVdk6v6U8ICHEGiyIpyz%2BMcrJ0KgHT36GmChKyEFo3da5k0Yq4vNnbtKmWZXsuP9yGduiXKp4TygT5TsXhyc5OH00UG1LUw%3D%3D%7Ctkp%3ABk9SR_bP2ti8ZA,3 GB,128 GB,Single SIM,Apple iPhone 11,6.9 in
New Listing🔥Apple iPhone 15 Pro Max 512 GB - Unlocked - Natural Color,$850,3 product ratings,https://www.ebay.com/itm/387377961583?_skw=phone&epid=11062756683&hash=item5a31869a6f:g:w6UAAOSwViJm4Uxy&itmprp=enc%3AAQAJAAAA4HoV3kP08IDx%2BKZ9MfhVJKletA7lpLsl%2Bp0fG3fJVX0HQwkhR2ofI6OmUEEvZAbAhOhXhNIcenP8SdwhwCRUNiXaPXyccuyIyVWgt10Y1uuJd8im25VYyQofg6ycSSdAYVeZzTgQW5vGEbUxse7iXBZhOTyTMrZV8PWFg4Ys5GCpwV8%2Fudb0TrrP1yE39qR%2B%2BTRcf7PIqCnVnEkCGqbw6W8e%2Fqz9H3DhWDdwyx3He2wuz1cYg9zs2SqKTUzYAN1gaLHp70KJoM3XkNviEmco1bu5To6DaVS0Hn4wIvdMlqlS%7Ctkp%3ABk9SR_bP2ti8ZA,8 GB,512 GB,Single SIM,Apple iPhone 15 Pro Max,6.7 in
Apple iPhone 13 Mini 5G Factory Unlocked (Any Carrier) 128 256GB 512GB Very Good,$419.99,-,https://www.ebay.com/itm/204609579118?_skw=phone&epid=28049285644&hash=item2fa3ae686e:g:Th8AAOSwf09isXPI&itmprp=enc%3AAQAJAAAAwHoV3kP08IDx%2BKZ9MfhVJKllsRvDhIrAJ%2BpxuTB9P5tT0tpEBQmOnBhhv%2B3hY1blsXQmngrrlVsfHNVqZNbwCT%2FJjsy--kYUC9oSCPY4X1KWDshNmgsjZ7BWPR5UweIdktS0e3xf91yqCrsHsH22HAx7I0Sb0mzP0n3CNAIYAEveigi2z8xOSsv3QMBF5VIfIhBZ8SWyUq2QBLxPW7UDlP1vm2ZlxkcXojnDU7J7YC%2BAGKMRa7CkgTuPZvkDjkxtvw%3D%3D%7Ctkp%3ABk9SR_bP2ti8ZA,-,-,-,Apple iPhone 13 mini,5.4 in
New ListingNew Factory Sealed Apple iPhone 14 Unlocked 128GB Blue Smartphone,$282.19,5 product ratings,https://www.ebay.com/itm/296686149232?_skw=phone&epid=11056248070&hash=item4513df5e70:g:z0gAAOSwqSJm4JN4&itmprp=enc%3AAQAJAAAA4HoV3kP08IDx%2BKZ9MfhVJKkx7xASkzOFgbVlhKUXjsUpxOBgE7bVtAT0Iknzq17xPV%2FzGQG%2BZVE8kNiukO1uKdMPwwAWsepnb9a3SeNCbD2dfgLp0NwVSZLxRJ9Sf1ae%2BQbHjEkQGr%2FuOXwXXl%2FAvRY2NZ2EaFnNRxQBVQVGQaLqmfeMFZjfZgIOkPUe1se8baA7XukY0iCgoiQq9tJPt9rd4SaRVHlFHHqmXOoPeFH3pRe8VvvPX2X4BkJMysoZa%2F%2BAth%2BF9Y2YUtwXJcqYjWAm1QPTJrlr4Djl7awXeEkQ%7Ctkp%3ABk9SR_bP2ti8ZA,6 GB,128 GB,-,Apple iPhone 14,6.1 in
Apple iPhone 12 mini - 128 GB - Purple (Unlocked),$248.5,4 product ratings,https://www.ebay.com/itm/235734629587?_skw=phone&epid=27045896960&hash=item36e2e0fcd3:g:YCYAAOSwEupm3ZkP&itmprp=enc%3AAQAJAAAAwHoV3kP08IDx%2BKZ9MfhVJKlX1dtK%2BNEtJUh0oMQ705F8a4nJd9N%2BQMut50I0h3FsXS%2FkmG0Sna9DBZOcMhXMZgLQWD5oz3uD%2BvtJ0E2xLsVobSulgBqbazhDxh41uYydMXAlRloIQ93slL4q%2FiJWzplsV4K7B1R74A6Y8N%2BhmOo3f12hVJxFCrPtiXizueEuDQD9VkZJtXfMdxOtdR%2BuHD2zDoFasB4kXrlQmRooSkoaqaWdp30FaJAl7YeKowbC7A%3D%3D%7Ctkp%3ABk9SR_jP2ti8ZA,4 GB,128 GB,Dual SIM (SIM + eSIM),Apple iPhone 12 mini,5.4 in
Apple iPhone 13 A2482 AT&T Only 256GB Pink Good,$319.99,1 product rating,https://www.ebay.com/itm/186533469998?_skw=phone&epid=7065009750&hash=item2b6e42df2e:g:RygAAOSwU0dmhAPk&itmprp=enc%3AAQAJAAAAwHoV3kP08IDx%2BKZ9MfhVJKkykf%2B1RT10P6pou5sndt2XrLp%2FCKgltDkK9GWZSKy1vFDoDCyBDbocn3t6yeJxYnLp8dYbXQIy2Yt7GoASjwMtXjUh%2B1HtdTFbQ7KsgvQP22%2BzFIIjTrvGyuDpwJ2sZOa55eaBPijSFA4hMIhcE9WrbpjA11Qa2A%2BuUoVXypubfgSDUoWbBgtWDiMxKR11EFD4yZ84m9JxQ6jAczULovIcDnhtDfEY3TFcno50l6lsEg%3D%3D%7Ctkp%3ABk9SR_jP2ti8ZA,-,256 GB,-,Apple iPhone 13,-
Iphone 15 Pro Max,$750,-,https://www.ebay.com/itm/315733127414?_skw=phone&hash=item49832930f6:g:IqEAAOSwdZRmzi-g&itmprp=enc%3AAQAJAAAAwHoV3kP08IDx%2BKZ9MfhVJKlsX9PppoMSqnzAWKluLajDGxRWBs3EzAzMFL3e43zV8XXJXSh%2F5w779%2B%2BwhtCt%2FsiGRpVfeWDAWqro1Bpmwg9jTaNAz1c7VkcoP3hSH026ppPAMwsnZ6i35PdOH2EQqDxgGjBpl74pY%2BL7UbWXfHCEak0xU%2F4hdGlBTFpU34E6OfWqdl1Y%2B9cePkO3obg2%2Bc2WGWy8Ighu%2Buwm4TRvPzoPkY1lRYQnhEIG58ttXXjI5g%3D%3D%7Ctkp%3ABk9SR_jP2ti8ZA,8 GB,512 GB,Single SIM,Apple iPhone 15 Pro Max,6.7 in
New Apple iPhone 15 Pro Max 256GB 5G  For AT&T/U.S. Cellular/T-Mobile/Verizon,$799.99,-,https://www.ebay.com/itm/145952736828?_skw=phone&epid=7065009830&hash=item21fb76063c:g:g58AAOSwlP5mvXz8&itmprp=enc%3AAQAJAAAAwHoV3kP08IDx%2BKZ9MfhVJKnnu%2FSr3fZkWwl7N0d5JJJSWB3FVPXlv7or16wa2kqxpRltYqjyUGTQiJZspstD%2BojaMW7j4s8z%2BnJJuIAZrTCqeWGTYE4Dzm%2BA1xAQgBkww1vvl%2FEYQtYKcPLcxCrVNt0w8%2FFVPJXk6EiLtBlRH1jhqR6ipLXyD0nFeo9dP1WclUtGrT%2BOhzBxvxF1gT3pIRmkMTbJVyKu1KpehOaxKjPfFQeWCHVeE6wzy7sHGHxKjA%3D%3D%7Ctkp%3ABk9SR_jP2ti8ZA,8 GB,256GB 512GB 1TB,eSIM,Apple iPhone 15 Pro Max,6.7 in
Apple iPhone 12-64GB|128GB-All Color Unlocked-Excellent condition  *vE@,$282.19,-,https://www.ebay.com/itm/286043193038?_skw=phone&hash=item429980bece:g:T0UAAOSwj25myxah&itmprp=enc%3AAQAJAAAA4HoV3kP08IDx%2BKZ9MfhVJKmi59BYAy%2F1vATdZLwJVVLcP4DAbYMaDJTHZrJayfzsv5xFxWHVK%2FDrdijAOrr%2BawVGTonYnEOvpU4OyEON6mvMHwjl%2Bvx556lTUc9qa1lF0bAuL8UpQr2n6bV2sXXEUdNJO3XeRHbTD7rg3PVPR%2FSS0GpeE5BV2PIasLs8hne1onjrTShNk%2BuXvd0fgcrJ%2BmSdVuDs58s1oCh1Ms%2BGB4sSiR%2BGakZJVrLCbgHNhRuE1Gwx7IKJD6%2Btvtwm48GgMbX0DxHjvZf9WQzIP1WIMj5I%7Ctkp%3ABFBM-M_a2Lxk,4 GB,-,Single SIM,Apple iPhone 12,6.1 in
Apple iPhone 15 - 128 GB - Green (Verizon),$450,-,https://www.ebay.com/itm/356004408050?_skw=phone&epid=18062769508&hash=item52e3842af2:g:EboAAOSwhbFm1fff&itmprp=enc%3AAQAJAAAA4HoV3kP08IDx%2BKZ9MfhVJKnLjg8b5IVLh8jjCoPXbXwT8FTqydc0TPfV%2BbO3HBx6nurdrD8t%2FWKBnzKs5Ad8VnDmrvXC%2BUwn%2BTWqWUBulNCTMriyunsIZilIoqHFJQfjHpvQuKEAJeMzd7eLpNdLtGodcDXLg%2BQKhVlYkyuGsUV9wSM%2FnhpSiTA6%2BdvdBt7%2FX20CTLF6%2B3OWj%2B%2FTdv9xW5CeXTIFDvKD2MRSn3gJv%2BQXZVdp4RIOueg3hPqnxUvJAIrbLDQUVLxpmymjzTV4wfKXmbg19I6kb0a8HSwz7Fcb%7Ctkp%3ABFBM-M_a2Lxk,6 GB,128 GB,eSIM,Apple iPhone 15,6.1 in
